cc,port,n
CA,111,49727
GR,111,2307
MA,111,598
EG,111,1209
WS,111,295
GE,111,389
LK,111,386
BM,111,30
BW,111,41
LC,111,17
PY,111,180
AS,111,15
LA,111,71
VN,139,12761
AU,139,195249
NZ,139,3407
ES,139,53470
LU,139,462
GB,139,98814
A2,139,2890
BY,139,810
TN,139,777
LC,139,30
IM,139,285
KH,139,260
DO,139,70990
BZ,139,119
SX,139,33
KI,139,4
CU,139,3
CA,143,484250
PH,143,3448
ES,143,87237
DE,143,420829
SE,143,29059
A2,143,2976
EE,143,9412
MD,143,2261
GA,143,692
TN,143,256
CY,143,2088
AZ,143,1333
OM,143,235
MX,143,80529
DO,143,70576
CI,143,160
BI,143,16
GG,143,15
SM,143,96
YE,143,149
AX,143,25
CA,21,401227
PR,21,4798
ES,21,385316
BG,21,43187
IS,21,8332
AX,21,3541
LI,21,442
MA,21,11381
GT,21,19298
GA,21,994
RE,21,708
GN,21,145
RW,21,181
MX,21,57473
GQ,21,63
AW,21,197
ER,21,47
IQ,22,16104
AT,22,56012
EE,22,19828
KW,22,6345
LV,22,22807
TM,22,68
GR,22,19091
IS,22,9377
RW,22,1457
ZW,22,3209
PA,22,16257
BB,22,1637
VI,22,427
DM,22,449
PW,22,20
BO,22,31480
BQ,22,3817
GF,22,132
DJ,22,93
KM,22,50
CK,22,59
PR,23,22312
HK,23,197059
NO,23,105816
RS,23,17609
BA,23,21676
AX,23,3544
IS,23,6227
AM,23,3845
PE,23,23790
KG,23,1884
GU,23,12901
AD,23,220
IM,23,465
CW,23,7720
CR,23,39711
VA,23,4
VG,25,2874
AU,25,329947
MY,25,19503
NA,25,1819
EC,25,4777
AP,25,264
MO,25,1349
BF,25,97
KP,25,66
US,3306,3162867
ID,3306,17147
HU,3306,9202
%,3306,1110
AM,3306,482
CL,3306,4316
UZ,3306,281
EC,3306,1887
YE,3306,157
KP,3306,26
CK,3306,3
BF,3306,12
BJ,3306,35
ST,3306,4
SG,3389,42264
PR,3389,2174
FR,3389,218782
AT,3389,20536
EE,3389,4135
SK,3389,9291
LV,3389,6379
IS,3389,1988
NG,3389,3451
NE,3389,16
PE,3389,10166
MC,3389,272
SS,3389,30
DM,3389,20
SB,443,298
AP,443,11667
TL,443,175
GW,443,164
AL,443,5659
SR,443,3294
GL,443,694
CX,443,106
HR,443,17535
LI,443,2143
AO,443,5141
IL,443,81252
SK,443,32778
GG,443,1486
CC,443,116
TV,443,128
SY,465,48
SA,465,8027
IL,465,7103
FO,465,114
DZ,465,1500
MZ,465,616
GA,465,748
PT,465,9899
LI,465,373
UG,465,136
FK,465,1290
BH,465,72
KP,465,15
CA,53,186324
PH,53,20994
FR,53,328064
AM,53,6405
EE,53,8184
UZ,53,670
TJ,53,2707
KZ,53,94357
QA,53,9392
AP,53,145
VU,53,142
SD,53,126
GG,53,39
KI,53,18
FM,53,17
MF,53,39
AX,53,26
AW,53,60
NL,587,137895
TZ,587,659
AS,587,4
FO,587,128
VI,587,55
BJ,587,33
LA,587,49
MC,587,45
TK,587,1
MD,8080,9897
SK,8080,16061
TH,8080,572116
RE,8080,972
GP,8080,2272
BR,8080,504580
FK,8080,1291
BM,8080,1886
AX,8080,112
HN,8080,12596
UY,8080,8462
HT,8080,2379
AP,8080,151
MF,8080,40
TM,8080,17
CA,8081,58172
AU,8081,206479
AT,8081,7864
DE,8081,75431
MZ,8081,582
MO,8081,1503
LI,8081,50
AD,8081,75
ST,8081,14
MW,8081,18
DJ,8081,2
MY,8443,7323
RU,8443,32668
BE,8443,269582
NL,8443,81109
KE,8443,1099
HU,8443,4850
EU,8443,8249
LK,8443,372
SO,8443,14
A1,8443,119
CO,8443,27386
AL,8443,61
CR,8443,4118
SS,8443,13
SL,8443,10
AW,8443,31
TM,8443,2
%,8443,5
IL,990,1390
SE,990,2381
CZ,990,4891
DK,990,4546
BY,990,102
UA,990,666
OM,990,405
AF,990,437
PF,990,1903
NI,990,17
TW,995,43141
MY,995,10957
AU,995,235675
EE,995,8724
PT,995,9919
PK,995,2620
KE,995,1875
MZ,995,629
AE,995,721
SN,995,36
TM,995,19
BW,995,71
KP,995,18
CW,995,106
PF,995,1925
MM,995,186
LS,995,10
LA,995,50
FJ,995,27
KI,995,1
SE,110,27282
CY,110,2211
HR,110,2744
LB,110,918
NG,110,1080
TM,110,129
FK,110,1275
%,110,444
KY,110,66
BR,110,122523
NA,110,236
CI,110,205
JM,110,139
MM,110,220
SM,110,99
MC,110,76
AG,110,32
LC,110,21
TH,135,26312
RU,135,176725
LV,135,3813
JO,135,1357
QA,135,267
NO,135,7219
TZ,135,725
GH,135,706
LS,135,4661
BY,135,1330
ME,135,327
IS,135,390
MX,135,18694
ML,135,36
HT,135,97
GM,135,51
FJ,135,30
SL,135,10
CV,135,29
TO,135,5
LC,135,37
ST,135,5
CF,135,6
AQ,143,5
US,1723,1703083
RU,1723,165624
HU,1723,23267
IQ,1723,1812
PL,1723,78538
LB,1723,4369
AL,1723,1176
ZA,1723,50014
TJ,1723,2930
MW,1723,228
ML,1723,173
TG,1723,138
LK,1723,714
SZ,1723,68
VI,1723,113
GW,1723,125
AP,1723,66
TD,23,41
VA,25,26
LU,445,845
IT,445,85676
CZ,445,17301
GI,445,188
IE,445,6950
CI,445,242
SD,445,182
SC,445,47
SY,445,119
LC,445,32
UY,445,2096
AS,445,9
IL,5000,5043
BA,5000,713
ZW,5000,535
MU,5000,392
RE,5000,523
RW,5000,11
BN,5000,165
GF,5000,133
AF,5000,183
VC,5000,40
MC,5000,85
GW,5000,2
SX,5000,23
CA,5900,33439
KR,5900,166364
SE,5900,9254
PT,5900,2416
FI,5900,2368
TH,5900,13708
BS,5900,184
BO,5900,263
CR,5900,430
SX,5900,5
VG,5900,45
CV,5900,5
CK,5900,14
CV,8443,17
US,9100,2697880
CA,9100,25662
TR,9100,7580
GB,9100,75198
CZ,9100,4452
HU,9100,2636
QA,9100,8985
LV,9100,526
LA,9100,5
CW,9100,45
UG,9100,50
NI,9100,16
AX,9100,10
US,993,4119321
ES,993,77032
IL,993,9593
CZ,993,31325
IE,993,7298
BY,993,1547
UG,993,180
GP,993,43
TT,993,62
KH,993,370
MX,993,6680
RE,993,77
NI,993,240
GT,993,381
KY,993,27
WF,21,14
ST,21,17
TV,445,2
PW,53,20
NU,5900,1
KI,8443,2
MR,9100,3
CC,993,1
CK,135,2
PN,135,1
BL,135,1
SJ,445,1
TD,993,5
SJ,5000,1
SJ,5900,1
GW,5900,1
MH,9100,1
MH,993,4
KI,587,4
AS,8081,3
BW,990,7
SN,990,4
GN,990,2
NC,990,5
FJ,990,5
AF,995,9
SJ,135,1
NF,143,1
GW,21,3
GB,8888,82040
NL,8888,33297
GI,8888,1966
BY,8888,761
NG,8888,980
BJ,8888,13
LT,8888,1013
RW,8888,5
VC,8888,11
YE,8888,139
KY,8888,27
PA,8888,224
AP,8888,21
MM,8888,27
AQ,8888,1
TL,111,9
CA,1433,27022
DE,1433,19658
IL,1433,4674
QA,1433,387
EU,1433,502
BD,1433,559
IQ,1433,179
WS,1433,283
JO,1433,615
AE,1433,1005
IM,1433,258
ME,1433,109
VG,1433,308
NI,1433,168
SB,1433,2
GD,1433,5
TV,465,1
TK,8080,1
NU,990,1
CK,995,3
FO,139,1
CF,1433,2
SH,3306,1
CA,389,20263
TR,389,9837
CH,389,4552
AM,389,88
QA,389,9000
PS,389,100
UY,389,108
HT,389,35
MQ,389,29
VA,8888,1
GQ,8888,1
GL,111,2
MS,111,1
PW,143,3
PN,587,1
PM,587,2
NF,8081,1
MR,8888,4
SJ,8888,1
CX,993,1
TD,143,1
NR,1433,1
BL,389,1
TK,389,1
VA,465,3
CX,587,1
PN,5900,1
DM,8888,4
GW,8888,2
LR,8888,1
BL,8888,1
SS,993,1
CZ,80,143442
GE,80,16034
AT,80,107946
IR,80,1312311
IE,80,318401
JE,80,741
VE,80,29
MO,80,3788
ME,80,1438
TT,80,38
ZW,80,34
CW,80,2
TC,80,190
TZ,80,9
SX,80,176
BW,80,443
GL,80,72
US,111,4338529
AU,111,194176
LU,111,2459
AM,111,370
CL,111,3483
MY,111,6073
KZ,111,1632
LT,111,4830
IQ,111,188
RE,111,77
ML,111,43
ME,111,52
SV,111,285
NE,111,26
VI,111,43
BO,111,930
AD,111,33
HK,139,86396
SA,139,5003
JO,139,1020
TM,139,50
MW,139,30
BR,139,76152
MT,139,253
MC,139,37
TK,139,1
DJ,139,17
MH,139,6
SJ,139,1
KM,139,10
HK,143,171874
VN,143,18487
FR,143,284990
JE,143,44
AL,143,121
IM,143,387
BD,143,1766
KH,143,438
PA,143,6510
PF,143,1921
KG,143,188
VI,143,321
BN,143,102
RE,143,98
SR,143,52
FO,143,30
AG,21,1265
SA,21,12500
BA,21,14322
DK,21,44352
ME,21,564
AL,21,2605
CW,21,7340
LK,21,1992
BR,21,318238
KE,21,2721
MZ,21,2316
SZ,21,304
MW,21,695
LR,21,79
BN,21,471
DO,21,132129
CR,21,33212
MM,21,108
VE,21,10456
TT,21,27998
PR,22,12808
MY,22,27455
JP,22,622006
PH,22,24128
DK,22,47910
KE,22,6302
GE,22,8466
NA,22,1449
MG,22,2263
SS,22,180
BT,22,523
MM,22,562
PF,22,2136
CD,22,802
AU,23,256774
IN,23,435906
SA,23,22951
NL,23,56875
MA,23,20549
LV,23,9199
ML,23,1233
BD,23,15184
MR,23,255
SL,23,125
TN,23,29650
AR,23,75187
NC,23,6406
YT,23,82
AI,23,101
GY,23,829
CN,25,466881
BE,25,294878
PL,25,327081
LI,25,855
LU,25,6105
JO,25,791
LV,25,10132
BD,25,2590
NG,25,13637
CV,25,80
IQ,25,298
LK,25,109889
KN,25,71
VI,25,378
CF,25,8
MQ,25,137
NC,25,507
FM,25,35
SM,25,202
MH,25,8
GF,25,49
MP,25,30
SI,3306,2922
IR,3306,5081
ER,3306,3
BA,3306,456
IS,3306,1076
AQ,3306,3
AO,3306,141
KW,3306,200
ME,3306,70
BT,3306,70
BW,3306,46
FK,3306,4
NZ,3389,17922
PH,3389,7140
CH,3389,25313
HU,3389,17099
GI,3389,285
NO,3389,17995
MT,3389,958
MD,3389,3148
MV,3389,330
BB,3389,257
CG,3389,3426
NI,3389,475
MP,3389,49
SO,3389,42
PW,3389,16
TO,3389,30
IN,443,478006
LK,443,6102
NA,443,3183
ME,443,1780
FR,443,976459
GY,443,1285
NF,443,115
GD,443,479
PA,443,72651
SE,443,239131
DK,443,116142
MQ,443,842
LT,443,39095
GR,443,36915
ZW,443,4313
VI,443,2417
GN,443,275
AS,443,233
MF,443,112
SG,465,23039
PL,465,272931
NL,465,121875
BG,465,17752
KE,465,934
TH,465,15398
RE,465,54
OM,465,436
CR,465,880
BN,465,75
MW,465,21
VC,465,3
CH,53,34796
LB,53,3543
LK,53,720
KW,53,3924
GE,53,11436
BR,53,1125159
KE,53,2768
MG,53,930
GM,53,103
GP,53,64
NI,53,5031
SX,53,536
CU,53,823
GY,53,132
AS,53,12
HK,587,98632
MY,587,11268
LU,587,2437
GI,587,2026
EE,587,6110
IR,587,8832
GA,587,539
MV,587,271
PS,587,339
CL,587,3978
EC,587,2756
NA,587,104
MM,587,136
ML,587,27
GY,587,8
AW,587,19
GB,8080,284089
AT,8080,38894
KG,8080,407
MU,8080,1057
DZ,8080,1774
OM,8080,939
TL,8080,523
BZ,8080,8351
PF,8080,2278
MX,8080,1074255
CL,8080,34532
CF,8080,5
FM,8080,4
GQ,8080,21
ST,8080,7
MY,8081,5664
IT,8081,225151
GB,8081,589425
DK,8081,38671
IE,8081,203131
LY,8081,6036
AO,8081,1544
EG,8081,1119
BR,8081,198118
MC,8081,50
MN,8081,337
YT,8081,8
GU,8081,96
NI,8081,177
BI,8081,46
BM,8443,42
HK,8443,96659
AM,8443,161
IM,8443,347
MZ,8443,668
FK,8443,4
WS,8443,288
BA,8443,228
KG,8443,66
BH,8443,169
AR,8443,10410
NC,8443,218
PM,8443,7
JE,8443,63
ID,990,1618
BS,990,106
GA,990,613
LU,990,430
HU,990,2195
BR,990,11118
LV,990,429
MK,990,281
PE,990,3247
KH,990,27
TC,990,2
NA,990,7
SG,995,23642
SA,995,7121
IS,995,1311
ZA,995,37558
ZW,995,306
SZ,995,14
AL,995,98
OM,995,455
MT,995,354
PH,995,2391
KH,995,374
UZ,995,330
CO,995,5093
BH,995,95
BN,995,92
%,995,29
TH,110,24599
CN,110,454806
ES,110,89459
NO,110,11946
IR,110,9678
MN,110,363
AR,110,16987
ZW,110,406
ML,110,66
GM,110,41
SG,135,12961
SA,135,5601
PS,135,338
NP,135,570
KW,135,1423
EG,135,7457
LY,135,197
AO,135,728
GA,135,551
MA,135,559
DO,135,70971
BN,135,84
PF,135,1935
MT,135,314
SX,135,32
GW,135,10
KN,143,20
GL,143,7
CN,1723,680491
PR,1723,2647
FJ,1723,225
CI,1723,298
MA,1723,1296
KE,1723,2010
SC,1723,209
KG,1723,566
LY,1723,339
BM,1723,336
LR,1723,127
DM,1723,136
CL,1723,6940
VG,1723,304
VA,21,8
BL,22,5
TK,22,1
TO,23,12
NR,25,4
IO,25,2
KM,25,3
BD,445,2269
AU,445,202730
SG,445,12751
CN,445,63168
MK,445,913
FR,445,120766
A2,445,2932
HU,445,14434
SI,445,419
IS,445,573
IR,445,12205
%,445,1245
PR,445,1144
TZ,445,516
SN,445,758
CV,445,30
CO,445,22722
BW,445,104
BH,445,84
YT,445,12
SM,445,25
YE,445,361
AP,445,48
SB,445,10
TD,445,7
CN,5000,472178
HK,5000,104536
SA,5000,8642
NL,5000,64115
PT,5000,4211
AM,5000,442
DO,5000,70940
AR,5000,18159
ER,5000,1
JM,5000,225
GD,5000,20
AD,5000,60
NC,5000,219
TD,5000,1
SM,5000,35
DM,5000,12
HT,5000,31
KN,5000,21
TL,5000,3
MY,5900,6716
BE,5900,265684
BY,5900,302
DK,5900,5824
GD,5900,10
VC,5900,17
MO,5900,1183
A1,5900,241
GG,5900,20
DO,5900,70647
KN,5900,11
LB,5900,364
FK,5900,4
ET,5900,26
AP,5900,33
BF,5900,5
VA,5900,6
LI,5900,22
ML,5900,9
ML,8443,16
TH,9100,9302
NO,9100,5365
SG,9100,4121
CO,9100,3550
BR,9100,44203
AR,9100,8804
PA,9100,1492
KY,9100,15
SY,9100,36
TD,9100,1
BD,993,1512
FK,993,1288
QA,993,9072
MO,993,1039
VI,993,55
SL,993,6
YE,993,160
NC,993,118
KP,993,24
AO,993,153
LS,993,8
KN,993,16
MP,143,11
SH,3389,2
CX,445,1
BI,5000,2
NF,5900,1
TG,5900,5
TM,9100,2
PM,110,5
FM,110,1
VU,135,8
MS,3389,2
GN,445,3
ER,53,9
ER,5900,1
MS,8081,2
CX,8443,1
WF,25,7
LR,3306,9
GQ,3306,10
SL,3306,8
ER,465,4
SO,8081,10
AX,990,2
MQ,990,4
NU,995,2
AS,143,6
ST,143,2
AQ,1723,1
VN,8888,25844
SZ,8888,3
BS,8888,151
VG,8888,51
SO,8888,7
FJ,8888,26
IQ,8888,400
SY,8888,20
SS,8888,11
HT,8888,34
RU,1433,13037
BG,1433,4521
NL,1433,25031
KG,1433,80
TJ,1433,2040
LY,1433,75
BY,1433,278
UZ,1433,96
AM,1433,138
SN,1433,19
DO,1433,70891
KH,1433,115
SM,1433,5
GM,1433,21
MR,1433,3
ML,1433,9
AQ,465,1
NF,8443,1
LC,990,1
KI,1433,1
TH,389,8909
JP,389,117855
BY,389,274
MU,389,311
TN,389,133
LY,389,56
PY,389,80
IQ,389,124
NI,389,102
ET,389,34
CU,389,155
PF,389,1913
MC,389,24
NA,389,38
BB,389,18
SL,389,1
LA,389,11
AI,389,1
SZ,465,2
PN,8888,1
AG,990,4
PW,990,1
BL,1433,1
CC,389,1
CC,21,1
CC,8888,1
NU,389,1
KR,80,182316
NP,80,78
CH,80,74935
NO,80,130459
IL,80,88717
IT,80,164593
TR,80,298197
BE,80,73816
RS,80,18093
RE,80,20779
GG,80,458
AM,80,5293
AF,80,329
LC,80,922
ZM,80,2
AD,80,510
TM,80,1
SZ,9100,2
LB,111,478
SZ,111,14
ZM,111,126
BJ,111,36
LS,111,11
GD,111,19
EC,111,1396
UA,139,22855
JE,139,39
GR,139,4166
IS,139,394
AE,139,114805
NC,139,235
TH,139,18351
CG,139,2840
AF,139,748
PF,139,1957
AS,139,5
MY,143,14250
TW,143,65327
IL,143,14614
UA,143,24120
QA,143,9287
PT,143,11874
IR,143,8798
IN,143,40248
PG,143,217
MU,143,404
LY,143,177
MW,143,94
PK,143,3264
LV,143,6287
MG,143,135
KY,143,37
KP,143,26
DE,21,992694
RU,21,366626
KZ,21,14204
RS,21,18317
GG,21,127
PK,21,23500
AR,21,68539
IM,21,570
BM,21,534
LS,21,4871
NE,21,32
CV,21,45
CO,21,158035
SL,21,103
VI,21,434
PF,21,3274
UY,21,4865
CZ,22,161066
FR,22,812564
PT,22,27801
IL,22,29490
KG,22,2320
BA,22,20893
ML,22,714
LK,22,1681
BW,22,1654
SD,22,538
TZ,22,3343
BR,22,998198
FO,22,130
PY,22,2953
HN,22,3918
LR,22,133
SY,22,186
SV,22,2250
TO,22,33
AD,22,388
AS,22,81
GW,22,21
SD,23,2604
RU,23,294205
ES,23,335997
KZ,23,6977
CY,23,4085
SN,23,2210
FM,23,1914
GP,23,446
MM,23,261
NE,23,279
BQ,23,3545
BO,23,40311
ZA,25,57485
NL,25,263756
TR,25,130360
FO,25,220
HR,25,4509
MA,25,1776
MN,25,505
KW,25,1736
RE,25,217
FK,25,1236
MC,25,355
DO,25,71069
PY,25,1179
TV,25,32
EU,3306,5015
TN,3306,1062
CY,3306,1031
OM,3306,185
GF,3306,11
AX,3306,9
NI,3306,117
GP,3306,36
GG,3306,2
PS,3389,697
RS,3389,3219
SI,3389,8049
PT,3389,21394
TJ,3389,2498
KW,3389,1938
NA,3389,678
DZ,3389,1629
GE,3389,1110
CO,3389,26493
BW,3389,401
EC,3389,4772
LS,3389,61
ET,3389,122
MF,3389,23
TD,3389,8
JP,443,1199536
VN,443,142647
MM,443,1090
BF,443,496
BS,443,2714
BA,443,8644
NI,443,5274
DO,443,111062
FO,443,679
MC,443,1462
AZ,443,5738
IE,443,321145
RS,443,25021
BH,443,7386
IQ,443,13006
SM,443,710
IS,443,14455
TZ,443,2727
ML,443,6957
CM,443,1804
LY,443,2565
SN,443,1653
CG,443,3557
ST,443,167
A1,443,1203
IT,465,29122
A2,465,2866
ZA,465,33157
TN,465,206
NA,465,97
AD,465,43
EC,465,2472
MM,465,126
HK,53,160335
IN,53,256855
PL,53,175940
CZ,53,93886
SI,53,6303
HU,53,36914
PG,53,443
IQ,53,18585
MW,53,485
CM,53,1593
BW,53,2199
BD,53,6291
AI,53,109
CD,53,400
LS,53,182
DM,53,37
YT,53,6
TL,53,75
PA,53,5960
MM,53,127
KN,53,55
GL,53,42
CH,587,25618
KZ,587,1214
SI,587,3662
A2,587,2862
PG,587,231
DZ,587,1500
MT,587,407
MK,587,471
AL,587,109
ME,587,69
UY,587,368
CO,587,4711
BM,587,46
AP,587,115
GU,587,35
HN,587,194
DJ,587,10
NU,587,2
CN,8080,799567
A2,8080,3100
MT,8080,1655
KW,8080,11566
MZ,8080,810
ZM,8080,476
JE,8080,261
A1,8080,279
GN,8080,39
BF,8080,163
NC,8080,1113
VE,8080,19375
PG,8080,138
PY,8080,5732
YT,8080,34
TH,8081,22365
RS,8081,1740
GR,8081,65500
LT,8081,2968
AE,8081,7015
BS,8081,327
KE,8081,925
WS,8081,287
BA,8081,335
LB,8081,553
KG,8081,107
AF,8081,232
UY,8081,1313
BN,8081,119
CF,8081,4
PG,8081,36
CK,8081,7
BQ,8081,13
PE,8443,4066
IN,8443,32725
SI,8443,2050
PR,8443,509
BS,8443,287
ZW,8443,640
TN,8443,234
SZ,8443,17
QA,8443,9236
GP,8443,193
MX,8443,9344
BO,8443,317
BN,8443,98
SN,8443,60
MS,8443,3
CA,990,22639
TW,990,13486
RU,990,8964
QA,990,8966
ET,990,16
AW,990,4
CH,995,16826
RS,995,1636
EG,995,762
GA,995,778
MV,995,2023
MO,995,1004
MX,995,6502
GT,995,379
PY,995,551
UG,995,184
HT,995,25
GP,995,36
DE,110,403506
SI,110,4365
CZ,110,30976
GR,110,8678
AT,110,16214
GP,110,60
AL,110,148
RE,110,87
MA,110,1181
UG,110,268
ST,110,2
UY,110,772
JO,110,665
TT,110,138
DJ,110,11
CA,135,72969
KR,135,90100
GE,135,1551
GR,135,4208
UZ,135,1131
%,135,1585
RO,135,12066
AZ,135,1823
MQ,135,51
VG,135,621
IM,135,541
BZ,135,147
AI,135,10
MR,135,24
BJ,135,38
AP,135,54
VC,135,12
TL,143,25
EG,1723,6445
CH,1723,34408
CZ,1723,45816
BE,1723,306058
AM,1723,1357
LI,1723,607
IS,1723,1201
SG,1723,16648
TZ,1723,1355
GH,1723,520
NR,1723,119
NP,1723,749
DO,1723,71919
ME,1723,744
AS,1723,127
TC,1723,182
BB,1723,465
TM,1723,257
CR,1723,2505
YT,1723,44
PW,1723,141
MF,1723,33
NZ,445,4002
DK,445,9548
RS,445,1612
CY,445,818
HR,445,2196
OM,445,359
DZ,445,1684
JM,445,204
CW,445,366
AG,445,220
KH,445,214
MP,445,24
MO,445,887
KN,445,32
PG,445,37
ML,445,32
DJ,445,20
PW,445,12
IO,445,2
NF,445,1
PL,5000,25581
FR,5000,145375
A2,5000,2788
BG,5000,3651
BS,5000,312
QA,5000,9339
GT,5000,538
VU,5000,23
AI,5000,7
LB,5000,439
TC,5000,13
PA,5000,1775
CK,5000,4
BW,5000,14
PW,587,3
VU,587,20
CN,5900,339392
TR,5900,11347
GI,5900,1979
AU,5900,199419
EG,5900,1353
CY,5900,302
ZW,5900,30
AF,5900,386
AR,5900,12405
CL,5900,1879
PE,5900,3700
HN,5900,242
LC,5900,14
HK,9100,88108
AU,9100,192029
FI,9100,1803
IS,9100,253
MX,9100,3907
DO,9100,70572
PE,9100,3286
IM,9100,260
CU,9100,125
CD,9100,4
TN,9100,47
MN,9100,27
AL,9100,16
MP,9100,13
HK,993,101070
AU,993,240891
RS,993,1481
SN,993,46
AR,993,13492
GE,993,605
AM,993,307
LY,993,160
GN,993,11
MM,993,189
SM,993,86
SX,993,12
AF,993,12
CV,993,13
SD,993,52
MQ,110,28
FK,445,1
DJ,5000,3
ML,5000,5
MM,5900,10
AS,5900,8
PM,993,2
FO,135,1
MS,25,10
NU,3389,1
PM,445,4
SH,8080,1
AW,8081,41
NR,9100,1
TK,445,1
TD,5900,3
PN,111,1
SJ,3306,1
CF,465,2
MR,587,9
MH,587,3
CM,990,4
ML,990,3
IO,110,1
GW,110,2
NU,5000,1
TK,5000,1
BL,53,1
GW,8081,4
CA,8888,30695
JP,8888,129535
IN,8888,36276
IL,8888,3441
CY,8888,320
EU,8888,5930
MD,8888,656
SN,8888,28
LA,8888,59
VE,8888,2961
BZ,8888,110
PF,8888,1924
SR,8888,34
BT,8888,5
FK,139,1
SA,1433,9381
FR,1433,90478
IE,1433,4784
A2,1433,2807
PT,1433,2189
LK,1433,283
MT,1433,192
KW,1433,559
MO,1433,999
MW,1433,19
SY,1433,30
EC,1433,1197
HN,1433,200
BZ,1433,17
AX,1433,2
GW,1433,2
PW,1433,3
MS,1433,1
TW,389,14524
UA,389,1642
GB,389,76583
TZ,389,385
BJ,389,21
FJ,389,22
PE,389,3843
BH,389,48
MP,389,11
TO,389,12
AG,389,15
GF,389,12
FO,389,7
TL,389,8
ML,8888,6
VI,389,9
NU,8888,1
NU,8081,1
CX,8081,1
KI,8888,1
TM,990,1
VI,990,1
PN,143,1
CX,3306,1
TV,8081,1
PM,135,1
SE,80,202289
SA,80,171519
GR,80,32560
HU,80,75728
ZA,80,6966
MU,80,2303
PH,80,1018
A1,80,476
GT,80,11
MF,80,35
YT,80,54
NL,111,69891
CH,111,10741
UZ,111,1367
KE,111,1337
LY,111,72
GA,111,679
NA,111,57
MN,111,201
GH,111,211
CD,111,32
CU,111,229
AW,111,14
VA,111,12
IO,111,3
ZA,139,28019
HR,139,1889
GI,139,192
AM,139,4344
KZ,139,4923
ME,139,286
BB,139,61
WS,139,218
MQ,139,281
BM,139,37
LA,139,113
PA,139,1297
JM,139,64
HT,139,51
GQ,139,14
BS,139,34
ST,139,5
GG,139,18
GL,139,20
CK,139,2
WF,139,4
AU,143,250389
GI,143,2005
DK,143,10621
GR,143,7640
BR,143,116550
AO,143,659
KZ,143,2078
AE,143,1096
AR,143,16301
BS,143,327
ME,143,81
SN,143,70
TG,143,31
LC,143,19
SB,143,6
AP,143,55
GD,143,23
ML,143,47
JM,21,1992
SG,21,56667
TH,21,180887
CH,21,99555
IL,21,60048
AT,21,51172
GE,21,5410
MT,21,1684
ZA,21,97100
ET,21,39
AE,21,21934
ZM,21,2873
FM,21,1760
YT,21,68
MQ,21,277
PA,21,7642
US,22,8508072
VN,22,43183
NO,22,148956
QA,22,10857
EU,22,13887
VC,22,3407
NC,22,8762
GU,22,12875
VU,22,96
GM,22,485
CF,22,9
CU,22,709
MQ,22,280
KI,22,30
CA,23,137820
VG,23,980
A2,23,4683
BY,23,5447
KW,23,6908
KH,23,4528
GH,23,2273
SC,23,682
LY,23,2842
NP,23,6003
GM,23,496
AF,23,1277
CL,23,50651
CO,23,162453
GG,23,221
MC,23,154
PF,23,2034
CU,23,825
AP,23,240
TC,23,131
SG,25,45505
GB,25,465833
GG,25,216
AE,25,1145699
LT,25,36449
MD,25,3679
OM,25,283824
PR,25,1497
LS,25,4712
ZM,25,13636
MG,25,241
AG,25,120
SS,25,45
BN,25,124
TH,3306,24762
QA,3306,9267
HR,3306,2285
PG,3306,180
MZ,3306,603
LK,3306,431
BZ,3306,7755
KI,3306,4
BO,3306,648
BN,3306,92
CD,3306,26
SR,3306,42
TM,3306,6
GU,3306,24
TH,3389,36187
DK,3389,19478
KZ,3389,5509
IE,3389,55039
HR,3389,7121
BY,3389,6365
AM,3389,1381
BS,3389,772
FK,3389,1289
AR,3389,27419
GH,3389,761
BF,3389,49
KH,3389,784
GT,3389,1911
KG,3389,473
FO,3389,116
BH,3389,595
JE,3389,138
PF,3389,2110
CR,3389,3517
BI,3389,28
GD,3389,62
SZ,3389,78
ER,3389,9
GY,3389,66
US,443,24463608
TR,443,184806
VE,443,29226
AG,443,2073
KN,443,510
PE,443,38440
GT,443,24846
ET,443,420
MU,443,6601
BG,443,76372
BE,443,373691
MT,443,5705
ZM,443,3272
GH,443,2914
SL,443,189
BQ,443,3367
VA,443,184
SJ,443,116
IN,465,28228
MY,465,10976
IM,465,355
AR,465,12425
NP,465,388
GT,465,320
IQ,465,76
CO,465,4959
LS,465,9
MQ,465,31
AP,465,48
NE,465,10
CN,53,884978
TW,53,321293
VN,53,341976
RO,53,84867
IL,53,14838
EU,53,6424
JM,53,3462
NA,53,397
DZ,53,1860
NP,53,4424
LU,53,3082
KH,53,6489
TG,53,371
GU,53,210
PY,53,1312
VA,53,12
KR,587,128035
RS,587,1904
BW,587,126
ZW,587,673
FK,587,1278
CY,587,2240
IM,587,364
MN,587,276
JO,587,469
UZ,587,261
BH,587,106
BO,587,317
HT,587,31
SX,587,10
MQ,587,23
%,587,11
KN,587,28
TC,587,7
AU,8080,275099
DK,8080,31789
DE,8080,733087
PK,8080,49819
GH,8080,740
GU,8080,1611
SZ,8080,45
SL,8080,16
SO,8080,43
SJ,8080,1
KR,8081,149149
NL,8081,160426
GI,8081,2004
HU,8081,7653
PT,8081,51306
ZA,8081,50385
EE,8081,2441
CZ,8081,12689
AM,8081,1179
A1,8081,141
KZ,8081,821
CL,8081,2826
PY,8081,773
BZ,8081,98
CU,8081,123
VI,8081,30
SZ,8081,5
KM,8081,4
LT,8443,3323
PL,8443,22708
ZA,8443,28226
MU,8443,481
GA,8443,719
MT,8443,311
IQ,8443,172
TT,8443,149
BZ,8443,37
KY,8443,87
TC,8443,6
KN,8443,12
NR,8443,2
RW,8443,34
NL,990,21992
DE,990,31970
A2,990,2778
FR,990,92630
YE,990,166
CG,990,612
PR,990,77
GT,990,45
MP,990,11
CF,990,2
BZ,990,4
HN,990,27
KP,990,3
LI,990,11
AI,990,2
CA,995,130005
PE,995,4924
VN,995,15780
UA,995,21723
TJ,995,2059
BS,995,224
BA,995,359
LY,995,154
QA,995,9035
SY,995,55
MC,995,29
HN,995,235
AP,995,28
DJ,995,9
SG,110,27875
HK,110,113620
KZ,110,2398
RS,110,2458
GI,110,2001
PR,110,691
IM,110,356
AD,110,94
KH,110,514
BW,110,507
PA,110,11548
PY,110,703
KP,110,21
BF,110,32
IN,135,99959
FI,135,4182
IT,135,16952
LT,135,2522
KZ,135,5184
BA,135,738
IQ,135,422
TN,135,1612
CO,135,11732
PW,135,15
UY,135,702
LI,135,45
DK,1723,24461
ES,1723,76905
RS,1723,6621
QA,1723,9639
RE,1723,470
NG,1723,2177
CD,1723,205
GG,1723,847
VU,1723,194
NU,1723,116
LC,1723,207
BF,1723,178
PM,1723,119
FK,1723,132
SH,22,1
VN,445,13887
IM,445,569
MR,445,38
A1,445,179
GQ,445,15
GF,445,29
CR,445,1435
NC,445,200
GW,445,9
MF,445,2
AU,5000,264076
SE,5000,15454
GI,5000,1992
IE,5000,4338
JO,5000,4100
MA,5000,3098
GA,5000,700
LY,5000,25
TO,5000,6
MP,5000,17
GG,5000,23
EC,5000,1277
PW,5000,2
ST,5000,2
AM,5900,115
LV,5900,1622
SK,5900,1675
AL,5900,63
IE,5900,1494
BM,5900,24
MK,5900,389
TN,5900,136
KH,5900,172
BW,5900,24
NP,5900,68
SH,5900,1
CD,5900,16
GQ,5900,9
TT,5900,108
VI,5900,52
MP,5900,21
BE,9100,266716
NL,9100,23398
BY,9100,187
ZA,9100,22862
TG,9100,2
GA,9100,404
WS,9100,284
LK,9100,168
A1,9100,98
NP,9100,7
PF,9100,1909
UY,9100,103
LI,9100,4
BZ,9100,13
BI,9100,4
CV,9100,2
VC,9100,16
KR,993,121473
ID,993,15565
DK,993,9522
DE,993,385128
BG,993,25386
LU,993,2369
MD,993,1035
MU,993,368
RW,993,26
MG,993,104
PA,993,6056
SV,993,247
SZ,993,21
ML,993,34
CW,993,124
ET,993,36
FO,993,25
MQ,993,35
GD,993,12
GL,993,8
MH,110,4
MH,135,7
AW,143,19
CF,23,15
GG,9100,1
SD,9100,4
FO,445,1
FK,8081,5
CC,9100,1
CK,9100,1
BQ,9100,2
TL,9100,1
MP,111,12
VA,139,1
DM,3306,4
BQ,990,4
SL,990,3
NF,5000,1
MY,8888,5937
RU,8888,44856
CZ,8888,13791
PK,8888,11883
PS,8888,306
DZ,8888,1468
BD,8888,5613
PT,8888,2696
AZ,8888,702
BH,8888,593
BN,8888,102
CI,8888,20
MP,8888,18
CU,8888,111
MF,8888,5
FK,8888,4
AX,8888,10
TO,139,1
SG,1433,7139
IN,1433,21615
AU,1433,188649
AR,1433,12562
MD,1433,577
ZM,1433,41
BW,1433,66
PH,1433,1960
LV,1433,887
AL,1433,119
CI,1433,73
PG,1433,9
AF,1433,249
BO,1433,561
CW,1433,63
LS,1433,7
GU,1433,13
SL,1433,3
KY,1433,12
KN,1433,7
AW,1433,18
FK,1433,4
AI,3306,2
JE,3306,8
BI,465,13
KM,53,2
GQ,990,2
SB,990,1
SO,990,1
AI,995,4
CC,1433,1
GN,1433,3
KR,389,118885
PT,389,1135
KY,389,22
AE,389,493
DZ,389,1425
MZ,389,603
IR,389,1392
MK,389,355
PH,389,1676
MW,389,15
CW,389,79
GE,389,48
GL,389,11
NC,389,14
SM,389,8
DJ,389,10
FK,389,4
DM,465,5
ER,8081,1
AS,995,3
TO,1433,1
NU,1433,1
CX,995,1
VA,389,2
PW,389,2
CC,8080,1
TV,990,1
NR,990,1
SH,110,1
NR,3306,1
LR,389,2
IO,389,1
ID,80,17505
SG,80,114878
IQ,80,7746
GB,80,719370
SK,80,43962
PR,80,11054
MN,80,2
CO,80,1373
MH,80,77
VC,80,2904
AL,80,4609
AX,80,3483
SC,80,3761
SB,9100,1
GY,9100,1
PH,111,2535
TW,111,41436
FR,111,192912
ES,111,48021
CY,111,906
SK,111,3490
IS,111,489
AO,111,157
MF,111,13
RW,111,58
PE,111,4369
CR,111,21742
KP,111,44
UG,111,151
DJ,111,21
NU,111,2
GQ,111,12
EG,139,7375
LV,139,4104
AT,139,7606
HU,139,9166
GM,139,59
QA,139,265
ET,139,96
NG,139,3393
TZ,139,663
LY,139,1050
GH,139,801
MO,139,1443
ZW,139,97
SM,139,17
TD,139,7
JP,143,614651
MV,143,2108
VG,143,2522
CL,143,4733
PE,143,5498
BA,143,427
GT,143,498
UG,143,204
NE,143,30
MF,143,5
SZ,143,32
KN,21,1062
SY,21,2779
CZ,21,98071
LB,21,13413
EG,21,54191
MP,21,192
NG,21,4548
A1,21,336
PM,21,14
NI,21,2389
EC,21,142221
HT,21,97
IO,21,161
ID,22,58451
TR,22,82113
MD,22,10741
NP,22,4924
MR,22,172
MU,22,2349
MW,22,940
MN,22,2472
ME,22,1060
DO,22,83242
GD,22,1539
LC,22,907
TC,22,110
BN,22,320
AW,22,234
IT,23,192710
PT,23,15026
AT,23,23137
GE,23,3147
TH,23,77905
MD,23,19653
MG,23,2497
GN,23,173
MH,23,949
CG,23,1693
MN,23,2362
SM,23,529
PA,23,10772
PY,23,3696
AW,23,573
LR,23,54
KM,23,24
WF,23,64
JP,25,1162553
DK,25,27307
ME,25,198
BY,25,4126
LR,25,137
DZ,25,1824
BR,25,170621
LY,25,231
GH,25,424
JM,25,367
SN,25,202
CW,25,491
HN,25,4124
SG,3306,46291
CZ,3306,25107
SE,3306,18194
BE,3306,265743
DK,3306,9709
PT,3306,8196
CM,3306,105
WS,3306,290
PK,3306,3283
EG,3306,846
CI,3306,104
LA,3306,83
MK,3306,648
IM,3306,285
SD,3306,60
SV,3306,275
HN,3306,1146
PF,3306,1919
CW,3306,92
AD,3306,13
CA,3389,135435
PK,3389,6773
SN,3389,269
OM,3389,722
TZ,3389,891
WS,3389,307
ME,3389,436
JM,3389,687
AD,3389,419
MN,3389,736
VI,3389,178
MR,3389,26
FJ,443,866
AE,443,32130
BJ,443,431
BR,443,695089
BZ,443,5049
TK,443,127
CZ,443,144593
KZ,443,157947
GE,443,8809
SA,443,637453
BI,443,253
JE,443,2799
TM,443,321
KP,443,117
PH,465,2602
SE,465,16636
CY,465,969
BE,465,268675
DK,465,8741
LY,465,154
EG,465,649
GE,465,601
ZM,465,73
MC,465,36
SV,465,393
UZ,465,256
BQ,465,3
BO,465,296
SD,465,37
TR,53,292214
A2,53,3267
MV,53,1447
AL,53,2652
GA,53,829
ZW,53,708
WS,53,728
AD,53,327
SC,53,350
BB,53,110
MR,53,63
CO,53,50621
SB,53,125
BT,53,63
ID,587,15665
CZ,587,18816
GE,587,656
BY,587,1075
GR,587,4199
EG,587,918
AZ,587,1232
MX,587,7248
CD,587,80
PA,587,2535
RW,587,31
MY,8080,36974
BD,8080,8292
RU,8080,256054
LV,8080,19233
LB,8080,2605
CY,8080,3292
LU,8080,3695
IQ,8080,859
VG,8080,453
JO,8080,2487
UG,8080,475
NI,8080,1310
CR,8080,10089
GM,8080,178
GT,8080,1982
CU,8080,324
CK,8080,31
PH,8081,3789
NZ,8081,360176
JO,8081,2305
UA,8081,7490
BY,8081,739
RO,8081,43277
LR,8081,2
CI,8081,1566
CM,8081,130
MT,8081,3042
KH,8081,882
MX,8081,11805
SL,8081,8
SV,8081,353
BM,8081,79
BJ,8081,35
MQ,8081,107
CW,8081,126
KP,8081,4
LC,8081,35
DE,8443,220318
LU,8443,1316
GR,8443,3653
NG,8443,1450
TH,8443,12705
MO,8443,1203
RE,8443,228
LV,8443,1232
AF,8443,217
MN,8443,84
DO,8443,70674
GT,8443,295
NI,8443,74
GG,8443,70
AX,8443,11
GY,8443,9
KP,8443,7
KR,990,118131
IN,990,7823
EG,990,329
MU,990,235
ST,990,1
RS,990,84
GH,990,106
AP,990,16
GP,990,6
SS,990,16
CK,990,2
NE,990,2
GB,995,206696
CZ,995,27013
EU,995,5176
NL,995,151748
GR,995,3677
BY,995,1614
AR,995,13518
LI,995,93
RW,995,32
TG,995,18
FO,995,14
GF,995,9
SX,995,8
SR,995,25
SB,995,7
MY,110,15398
TR,110,92602
SA,110,7879
EG,110,1697
QA,110,9070
MX,110,81762
GH,110,320
CG,110,912
NE,110,35
LA,110,96
BT,110,63
TC,110,8
PL,135,21584
BE,135,254699
HU,135,11288
PT,135,5379
HN,135,1059
MN,135,403
ET,135,112
NC,135,72
KY,135,39
GG,135,13
LA,135,108
SS,135,34
GU,135,59
BM,135,51
BQ,135,16
KM,135,7
GF,135,11
DM,143,4
ID,1723,50765
NZ,1723,25503
GR,1723,16776
JO,1723,2011
MG,1723,393
UG,1723,302
SR,1723,273
KW,1723,3350
JE,1723,823
KP,1723,115
GD,1723,190
NI,1723,857
UY,1723,2699
SO,1723,129
RW,1723,218
SY,1723,242
CX,1723,110
SX,1723,70
TW,445,146988
SE,445,12835
EU,445,833
GR,445,4413
ME,445,336
AR,445,100644
SX,445,34
SV,445,646
BN,445,30
EC,445,2161
BZ,445,165
GD,445,25
CA,5000,41593
PK,5000,3999
BB,5000,49
ET,5000,20
PF,5000,2022
SZ,5000,5
NI,5000,50
HN,5000,349
CW,5000,129
PG,5000,12
CK,587,12
US,5900,3242457
CZ,5900,10264
GA,5900,547
SC,5900,53
TO,5900,5
GT,5900,316
IQ,5900,141
BZ,5900,38
HT,5900,29
MN,5900,70
BT,5900,14
AG,8443,16
ST,8443,3
AO,9100,94
CI,9100,9
GP,9100,244
PS,9100,71
JO,9100,294
MQ,9100,214
AF,9100,303
CL,9100,23746
RE,9100,237
GF,9100,87
BB,9100,12
SS,9100,9
ME,9100,26
SC,9100,4
AP,9100,8
VN,993,15415
GI,993,2001
AT,993,11538
SI,993,4079
HR,993,2364
KZ,993,1636
PK,993,2302
ME,993,86
CO,993,5138
BR,993,39527
CM,993,50
SY,993,43
CG,993,2186
BN,993,88
PW,25,13
SD,5000,8
TV,5000,1
CD,5000,9
MF,5900,4
TC,5900,4
KP,5900,1
%,993,29
TL,135,1
CF,5000,1
TV,135,2
AS,21,7
CK,445,2
NR,5000,1
KI,5900,2
SO,143,5
PN,3306,1
MR,8081,9
AQ,8081,1
SA,8888,666176
ES,8888,40164
BG,8888,3290
AE,8888,2871
HR,8888,1245
A1,8888,128
GT,8888,767
GF,8888,85
UY,8888,416
JE,8888,4
HN,8888,104
PW,993,3
SL,995,6
MY,1433,4087
CH,1433,4046
BE,1433,274015
NZ,1433,1466
TH,1433,11158
SZ,1433,9
MZ,1433,555
GH,1433,198
HR,1433,995
BH,1433,165
KZ,1433,478
CV,1433,12
%,1433,38
NA,1433,41
CU,1433,233
SS,1433,17
NC,1433,13
NF,3306,1
MH,3306,1
CK,465,7
VU,465,12
FK,111,4
CX,139,1
NE,1433,2
ST,1433,5
HK,389,86543
SA,389,7912
RU,389,13553
FR,389,93682
HU,389,3096
EU,389,3671
ZA,389,19402
BW,389,31
PA,389,292
CR,389,302
TT,389,62
SN,389,53
GD,389,12
SR,389,20
LS,990,1
CC,995,1
TK,8081,1
TM,8888,5
KN,389,2
CF,8888,2
GM,990,1
NR,995,3
UA,80,131364
VG,80,2047
PT,80,50978
LT,80,55694
BR,80,17726
AP,80,5071
EG,80,9069
MT,80,3038
PE,80,166
CR,80,151
AW,80,74
CG,80,7
AI,80,159
QA,80,12224
GF,80,606
MQ,80,1907
DZ,80,1099
HK,111,107413
NZ,111,9343
UA,111,21192
CZ,111,22045
HU,111,10928
VU,111,20
BH,111,812
MT,111,569
VE,111,4014
SO,111,18
TM,111,11
PA,111,14545
PF,111,1993
SM,111,19
GY,111,28
BQ,111,7
BL,111,1
PH,139,13134
CH,139,8912
FR,139,137803
SE,139,12296
BA,139,550
BD,139,1939
AZ,139,1874
CO,139,17303
SY,139,147
GF,139,104
MN,139,295
CW,139,363
BH,139,81
NE,139,27
AD,139,112
CF,139,8
GD,139,22
GN,139,4
MS,139,2
SG,143,26874
CN,143,361059
NZ,143,13705
GB,143,260128
PL,143,282704
SK,143,4558
LT,143,21225
TZ,143,579
KE,143,2207
WS,143,304
MK,143,577
VE,143,3526
HT,143,28
JM,143,136
US,21,7823502
IT,21,227170
TR,21,148897
IE,21,33684
GI,21,2149
SK,21,19466
GD,21,1580
KH,21,10068
JE,21,219
DZ,21,3706
MG,21,2092
NP,21,10970
AF,21,632
GL,21,80
TM,21,31
CU,21,1043
SR,21,7263
BM,22,720
AG,22,3002
FJ,22,1918
KZ,22,12163
IR,22,70729
BF,22,354
LI,22,370
HR,22,10524
CL,22,36328
BY,22,7698
CM,22,1974
LA,22,1333
AF,22,848
TT,22,22752
UY,22,4010
GY,22,804
NG,23,7737
RO,23,54452
MT,23,1386
ET,23,291
MV,23,1540
GA,23,1087
TG,23,224
CD,23,510
VE,23,15888
KN,23,1111
GF,23,186
CK,23,72
SB,23,222
TW,25,643782
ID,25,39547
KE,25,2933
SK,25,11605
MU,25,795
CO,25,28712
SV,25,282780
CM,25,288
YE,25,164
BI,25,36
GY,25,22
CA,3306,111653
HK,3306,197045
RU,3306,154359
EE,3306,4662
FI,3306,4653
RS,3306,1546
TJ,3306,1832
ZM,3306,82
DZ,3306,1486
AZ,3306,913
MX,3306,11167
NP,3306,257
MR,3306,10
BI,3306,22
GD,3306,10
IL,3389,14528
CN,3389,1019021
MY,3389,21148
AU,3389,274427
HK,3389,157650
NL,3389,133921
CY,3389,1975
BM,3389,233
MW,3389,153
KY,3389,215
IM,3389,992
CL,3389,9414
GN,3389,17
BN,3389,226
ML,3389,68
SL,3389,18
DJ,3389,29
TW,443,390895
CN,443,1496961
GB,443,1317112
PH,443,39126
MH,443,157
TO,443,238
PR,443,12812
KY,443,2183
NU,443,125
HT,443,2286
ZA,443,122680
CH,443,233255
EE,443,21727
TG,443,679
SO,443,298
TD,443,141
UY,443,10181
LS,443,1371
GM,443,524
KM,443,136
CZ,465,27871
HU,465,9849
HR,465,2332
BY,465,1660
LV,465,4362
MK,465,424
MR,465,7
TT,465,44
MF,465,5
KY,465,27
UA,53,87718
NG,53,3233
IS,53,2546
UG,53,529
CY,53,2511
BA,53,11158
ME,53,540
NE,53,73
VG,53,3977
PE,53,13681
JE,53,84
ET,53,65
GH,53,1227
CR,53,3843
SM,53,450
CV,53,42
DO,53,84626
SR,53,397
TO,53,41
%,53,73
DJ,53,31
CN,587,331761
AU,587,237546
NZ,587,12439
ES,587,74497
RO,587,59756
AM,587,357
DK,587,10741
MG,587,81
VA,587,6
FJ,587,48
GP,587,28
DO,587,70611
AX,587,22
BZ,587,452
MF,587,3
NZ,8080,23157
IL,8080,19945
IS,8080,6121
SY,8080,13358
BY,8080,3202
EU,8080,10025
BS,8080,1677
PE,8080,69910
KH,8080,3050
ZA,8080,43094
NA,8080,444
TZ,8080,2101
BA,8080,2459
WS,8080,322
AF,8080,298
VI,8080,336
TT,8080,2231
%,8080,53
CV,8080,181
KI,8080,6
BL,8080,1
SS,8080,56
MM,8080,68
NU,8080,3
MS,8080,4
SG,8081,14854
HR,8081,2973
MD,8081,31535
GA,8081,720
ZW,8081,563
GH,8081,673
DO,8081,71594
CG,8081,9869
BT,8081,11
LS,8081,6
CD,8081,15
YE,8081,36
UG,8081,64
GB,8443,161023
SG,8443,15251
MD,8443,236
DZ,8443,1486
VG,8443,1547
RS,8443,1311
KW,8443,2324
PY,8443,251
MV,8443,286
LR,8443,23
LY,8443,94
TG,8443,20
AI,8443,5
GL,8443,17
LC,8443,15
MP,8443,13
TH,990,7123
JP,990,119078
GB,990,74204
IR,990,434
FI,990,521
MA,990,114
LB,990,373
AO,990,85
LY,990,27
CI,990,4
BM,990,13
RE,990,15
KG,990,9
KN,990,6
RU,995,91877
HR,995,2208
SK,995,4577
LT,995,11773
BE,995,263351
GE,995,668
AO,995,404
ZM,995,101
NI,995,244
CG,995,2849
CU,995,209
NC,995,102
KN,995,8
GN,995,11
IN,110,46244
RU,110,119521
DK,110,10445
TZ,110,574
MV,110,284
OM,110,258
IS,110,1505
AM,110,439
VG,110,2530
WS,110,314
IQ,110,189
CU,110,468
A1,110,264
ME,110,90
SO,110,8
AU,135,202306
CN,135,1075745
PK,135,11332
NL,135,49750
GB,135,116932
DK,135,7045
TM,135,45
MZ,135,277
KG,135,1009
BH,135,84
LB,135,26
MM,135,41
CL,135,3679
AR,135,9924
GT,135,1215
KP,135,14
YE,135,403
NA,135,139
SC,135,42
SO,135,28
PG,135,41
AG,135,53
MH,143,4
ET,143,33
FR,1723,207088
LU,1723,3492
TN,1723,810
GM,1723,147
A1,1723,4664
A2,1723,2987
AD,1723,328
BJ,1723,162
SN,1723,235
VA,1723,119
BT,1723,126
PA,1723,2318
AG,1723,178
SM,1723,286
AX,1723,105
ER,1723,124
GQ,1723,138
PF,1723,2055
WF,1723,6
PM,22,17
GB,445,123463
RU,445,196472
AT,445,8066
PL,445,34194
RO,445,11091
BA,445,810
BE,445,265242
FI,445,7641
NG,445,2491
AE,445,112973
BY,445,1189
LY,445,163
TT,445,5923
CD,445,62
LR,445,16
LB,445,28
MC,445,47
AX,445,39
GL,445,16
BF,445,9
DK,5000,12573
LU,5000,1145
BE,5000,280495
BY,5000,505
LV,5000,1062
GE,5000,175
NG,5000,1047
SN,5000,76
DZ,5000,1544
TN,5000,762
AZ,5000,909
VG,5000,19
BM,5000,38
%,5000,10
NR,587,2
IL,5900,3311
EE,5900,1014
NG,5900,1400
MU,5900,318
KE,5900,998
UZ,5900,46
UG,5900,80
JO,5900,441
GP,5900,49
CO,5900,5876
LA,5900,61
BN,5900,97
FJ,5900,49
NA,5900,62
CX,5900,2
GM,5900,3
YT,5900,4
CN,9100,328782
GR,9100,2237
EE,9100,413
BA,9100,116
IQ,9100,99
ZM,9100,30
VG,9100,9
LB,9100,339
SM,9100,18
SN,9100,2
HN,9100,47
TO,9100,2
CX,9100,1
IN,993,33768
PH,993,2441
IM,993,368
ZW,993,221
TN,993,207
MN,993,291
FJ,993,42
BS,993,240
BZ,993,497
GG,993,18
BO,993,353
JE,993,33
LA,993,57
AX,993,26
MF,993,6
GU,993,40
AP,993,41
TM,993,20
NR,993,2
GW,993,2
AW,993,10
SX,110,15
NE,5000,2
DM,5900,7
CF,8443,2
PG,9100,7
AQ,25,3
BL,443,9
VA,445,2
BQ,53,15
TV,5900,3
CF,5900,1
WF,5900,2
SO,9100,1
TV,143,2
FK,53,5
MS,9100,1
GW,9100,1
NR,111,2
AI,111,9
SB,139,8
TD,25,3
MF,3306,2
GY,465,8
TV,8443,2
VG,990,13
BT,990,1
SD,990,2
GD,990,2
GW,995,3
BI,995,17
MF,995,5
HK,8888,95500
PL,8888,14934
FI,8888,1218
SK,8888,2210
TN,8888,130
CD,8888,82
SC,8888,322
GP,8888,292
EE,8888,4426
KW,8888,317
SB,8888,2
PW,8888,6
VU,8888,8
MW,8888,17
GM,8888,13
BI,8888,6
AD,8888,21
AG,8888,10
IM,8888,265
KN,8888,5
VI,8888,19
PM,995,2
PN,139,1
PK,1433,2077
KE,1433,1015
GI,1433,160
LU,1433,150
DK,1433,5008
MU,1433,280
CM,1433,27
MK,1433,851
JM,1433,96
MN,1433,266
PE,1433,5187
TT,1433,51
DJ,1433,7
MH,1433,4
CV,3306,9
LR,465,8
DM,8443,3
MS,110,4
CC,139,1
YT,1433,2
IT,389,8688
BF,389,15
MV,389,210
WS,389,285
A1,389,89
BS,389,156
AR,389,7875
GT,389,284
GM,389,12
KH,389,98
SV,389,132
SD,389,25
MG,389,46
CV,389,9
MS,8888,1
ER,990,1
CX,990,1
SJ,111,1
VA,1433,1
CX,389,1
SJ,389,1
TM,389,4
NU,993,2
NF,111,1
AP,389,4
NF,993,1
PN,22,1
WF,3306,1
SJ,993,1
VA,135,1
TH,80,331049
MY,80,24469
HN,80,141
BB,80,1721
VI,80,441
GN,80,1
BJ,80,63
BL,9100,1
ID,111,10398
TR,111,34191
PT,111,2233
AE,111,667
AZ,111,1169
TJ,111,1948
AL,111,456
AR,111,11543
KW,111,231
MD,111,1230
%,111,43
GP,111,46
NI,111,152
BI,111,24
JP,139,121387
TW,139,60940
DK,139,8119
IR,139,11860
IT,139,87102
BE,139,258597
SK,139,3081
PT,139,4931
PS,139,810
RO,139,7648
AO,139,716
SZ,139,66
ZM,139,173
MZ,139,221
FM,139,87
SV,139,463
MM,139,59
AG,139,227
IE,143,8101
SV,143,313
MZ,143,771
NP,143,501
BH,143,79
CO,143,6309
UY,143,685
RW,143,30
AG,143,28
KM,143,3
DJ,143,11
IQ,21,4337
IR,21,126267
FI,21,35949
SI,21,10071
EE,21,20199
KW,21,15543
HR,21,9295
SD,21,917
BS,21,1165
TN,21,23903
BW,21,584
GH,21,1268
BF,21,180
CI,21,360
DM,21,420
KY,21,358
CN,22,1717366
HK,22,212543
IT,22,251781
PS,22,3129
BG,22,84626
AR,22,88984
GA,22,1529
TJ,22,3526
MA,22,10222
UG,22,1968
NG,22,7636
SC,22,1694
TN,22,19537
LY,22,1968
MC,22,525
CW,22,6975
ET,22,189
AP,22,353
CR,22,26154
HT,22,973
US,23,3175010
MY,23,29298
MP,23,275
PK,23,30432
IR,23,94925
PL,23,121080
AZ,23,4907
QA,23,11793
SV,23,8009
SG,23,43591
IQ,23,4895
EE,23,2665
UG,23,2006
CV,23,175
ME,23,1344
OM,23,2576
BB,23,1528
PG,23,682
RE,23,1421
NI,23,4313
UY,23,4773
TV,23,7
MF,23,22
SX,23,113
PM,23,14
TH,25,143382
IN,25,150899
PH,25,9875
NZ,25,26004
CH,25,93830
FR,25,440685
RS,25,5581
FI,25,14455
AM,25,778
EU,25,6927
AR,25,23650
NP,25,746
BB,25,293
IM,25,487
SY,25,140
MZ,25,568
PE,25,6881
AD,25,2199
GU,25,122
YT,25,17
ER,25,12
TO,25,69
SB,25,33
AG,3306,14
AU,3306,216080
GB,3306,247920
SA,3306,7991
SN,3306,53
RO,3306,43328
IE,3306,18894
MD,3306,1640
KZ,3306,1642
VG,3306,2754
BS,3306,245
KG,3306,182
CF,3306,2
VE,3306,2909
DO,3306,70681
GM,3306,43
CU,3306,146
MM,3306,33
SM,3306,37
TO,3306,26
AW,3306,15
US,3389,4044271
GB,3389,228824
SA,3389,15268
EU,3389,4569
MU,3389,1077
MZ,3389,1114
PG,3389,197
MQ,3389,530
GP,3389,624
GF,3389,167
VE,3389,12163
GM,3389,80
VU,3389,65
NC,3389,525
HN,3389,1240
NR,3389,11
MO,443,6745
BT,443,526
VC,443,395
SV,443,10928
PT,443,63524
EG,443,22137
CL,443,48628
CW,443,7331
PS,443,3895
CN,465,338515
VN,465,15043
NZ,465,12579
FR,465,217586
UA,465,19195
A1,465,2088
BR,465,31511
PG,465,176
MO,465,974
SR,465,31
YE,465,119
ET,465,24
AG,465,16
LC,465,11
GU,465,30
PM,465,1
PR,53,3174
KR,53,326388
LT,53,31338
GI,53,2022
AT,53,18914
IR,53,72044
MO,53,2439
TZ,53,1924
MA,53,15707
BM,53,152
LI,53,147
BJ,53,158
BF,53,120
MQ,53,69
LC,53,49
SA,587,8551
IT,587,27119
HU,587,9816
TJ,587,1539
IQ,587,259
MU,587,394
MZ,587,654
SN,587,47
QA,587,9147
WS,587,293
BF,587,34
TO,587,31
SR,587,60
GF,587,8
LC,8080,95
SG,8080,40385
VN,8080,75583
SA,8080,820966
DO,8080,86132
KY,8080,260
ET,8080,78
MC,8080,214
TG,8080,48
BJ,8080,380
LK,8080,1209
TD,8080,133
EC,8080,12039
VC,8080,96
CG,8080,1700
DJ,8080,19
MH,8080,40
TO,8080,48
TW,8081,29438
VN,8081,6419
SA,8081,857248
NO,8081,12799
NA,8081,283
NG,8081,22315
MU,8081,346
ZM,8081,45
GN,8081,41
AR,8081,16339
UZ,8081,2090
TZ,8081,441
PA,8081,745
BO,8081,387
FJ,8081,196
VC,8081,25
BF,8081,27
GG,8081,33
DM,8081,22
KN,8081,13
JP,8443,161529
NZ,8443,15722
IR,8443,6092
AE,8443,1657
PH,8443,2530
GH,8443,272
UZ,8443,155
MC,8443,68
NA,8443,115
FO,8443,30
VI,8443,49
DJ,8443,4
AD,8443,81
CC,8443,1
VN,990,654
PL,990,141248
GR,990,1022
MT,990,149
KE,990,759
HR,990,124
PK,990,710
SY,990,15
DO,990,70528
MN,990,26
KY,990,13
HT,990,7
GF,990,2
KI,990,2
ID,995,15492
IT,995,30053
AT,995,9059
LK,995,497
DZ,995,1500
TN,995,250
MA,995,981
NP,995,427
WS,995,303
A1,995,2025
MP,995,15
CY,995,741
CR,995,4334
NE,995,17
MG,995,97
NA,995,80
VA,995,2
HU,110,13527
FR,110,286935
CH,110,59054
PG,110,276
ZA,110,41666
LS,110,4694
MO,110,1118
CR,110,4954
MT,110,573
BA,110,505
VI,110,320
SY,110,111
CO,110,8053
FJ,110,96
SZ,110,125
JE,110,38
DM,110,8
ET,110,40
BJ,110,41
BI,110,19
VN,135,15981
NZ,135,3165
ES,135,46493
AM,135,7395
HR,135,1932
MO,135,1365
AF,135,485
MC,135,26
A1,135,130
SV,135,409
TT,135,139
JE,135,25
SZ,135,20
KN,135,20
%,143,41
CK,143,11
CA,1723,108539
AU,1723,284054
UA,1723,36174
IM,1723,1038
KZ,1723,3385
EE,1723,3790
GA,1723,841
ZW,1723,963
ZM,1723,345
ST,1723,140
ET,1723,156
TD,1723,125
OM,1723,1039
AF,1723,507
TV,1723,122
HN,1723,1512
BH,1723,719
MP,1723,25
BQ,1723,70
CC,3389,3
ZA,445,29594
JP,445,167617
ES,445,46839
IL,445,14003
NL,445,123444
JO,445,1116
SK,445,3245
TJ,445,2851
MG,445,175
AO,445,748
TN,445,1607
BR,445,95860
NA,445,114
LK,445,270
AD,445,108
SO,445,27
SR,445,2459
QA,445,12
BQ,445,13
SL,445,13
GY,445,13
US,5000,1188544
ZA,5000,23056
ID,5000,4333
DE,5000,73754
MD,5000,1087
PS,5000,217
RS,5000,1889
TJ,5000,2671
MK,5000,795
MZ,5000,618
GL,5000,13
KG,5000,60
CV,5000,12
VI,5000,26
CR,5000,1567
ER,587,4
VN,5900,3221
AT,5900,5818
IM,5900,293
EU,5900,3833
IN,5900,21193
CM,5900,29
OM,5900,186
CW,5900,90
JE,5900,36
CI,5900,34
GU,5900,47
%,5900,20
FO,5900,5
BQ,5900,10
SL,5900,5
BI,8080,48
VU,8443,12
MY,9100,2756
FR,9100,86725
RW,9100,9
PY,9100,51
SV,9100,21
AG,9100,8
GT,9100,93
GU,9100,23
BH,9100,22
JM,9100,20
KN,9100,2
SA,993,7199
GR,993,3956
BE,993,277284
MA,993,970
NP,993,438
CR,993,4354
LI,993,106
PE,993,4930
CD,993,101
MT,993,428
BM,993,29
UY,993,517
SC,993,314
CU,993,191
GH,993,201
VA,993,4
NU,110,2
KI,110,5
TD,135,7
TK,21,2
GW,8080,14
TL,8443,4
LS,9100,1
BL,1723,1
CF,445,5
MH,53,10
TK,5900,1
FM,5900,4
ST,9100,1
CF,993,4
TV,993,2
BL,110,1
WF,445,1
SH,445,1
BT,5000,1
LR,5000,1
IO,5900,1
DM,9100,2
MS,993,2
SB,111,7
AS,3306,8
AF,465,9
TD,8081,1
TK,995,1
CV,995,12
PH,8888,2420
SG,8888,6565
TW,8888,35906
FR,8888,102700
RE,8888,287
TJ,8888,2684
LK,8888,1745
LI,8888,18
GH,8888,333
DO,8888,70662
DM,995,10
TD,110,2
ST,111,1
HK,1433,333230
GR,1433,2141
NG,1433,1830
OM,1433,210
BS,1433,142
RS,1433,511
MX,1433,10895
AD,1433,18
JE,1433,4
PY,1433,201
BM,1433,10
PN,1433,1
TO,465,20
YT,587,1
VA,990,1
MS,995,3
SH,139,1
AS,1433,3
SX,3306,4
ID,389,3667
IL,389,1996
CZ,389,5658
HR,389,522
MT,389,183
MY,389,2605
IE,389,1254
PR,389,211
GP,389,35
OM,389,171
EE,389,245
GG,389,12
IS,389,95
YE,389,149
BO,389,323
GU,389,16
LS,389,12
SZ,389,5
%,8081,6
BM,8888,4
TK,111,1
BQ,389,3
BL,8081,1
PM,8888,1
GY,8888,1
PN,995,1
CC,143,1
AQ,23,1
KP,23,1
CC,3306,1
TV,587,1
YT,995,2
MH,389,2
NF,389,1
KM,5900,2
SJ,8081,1
NF,995,1
KM,995,1
KM,389,1
KM,993,1
JP,80,260438
NZ,80,3059
RU,80,495241
KZ,80,70047
FI,80,76136
LU,80,10983
TW,80,271735
MM,80,134
MP,80,4
UY,80,4
DM,80,259
SZ,80,118
TK,9100,1
IL,111,5527
GI,111,1973
AT,111,8874
FI,111,4461
EU,111,7447
PR,111,995
BF,111,127
KH,111,400
BS,111,236
IM,111,306
AF,111,439
AX,111,31
NC,111,62
GT,111,247
ER,111,32
CG,111,570
BT,111,64
TG,111,37
BN,111,107
GF,111,25
AP,111,31
MC,111,18
CN,139,461879
ID,139,7504
TR,139,24928
IL,139,13748
NO,139,17646
EU,139,692
MK,139,757
MD,139,2996
KE,139,2382
SD,139,255
LR,139,17
AL,139,162
GU,139,11161
UY,139,875
PY,139,261
SR,139,2511
MG,139,154
GW,139,4
MP,139,7
KP,139,11
BE,143,265348
GE,143,740
HU,143,13434
NO,143,11986
IS,143,1222
EU,143,5271
BY,143,2150
KW,143,851
RS,143,2299
SY,143,99
MM,143,208
NA,143,203
SL,143,12
MC,143,89
GU,143,50
TC,143,8
BJ,143,39
IN,21,321220
NL,21,321036
TJ,21,2908
UZ,21,901
ZW,21,2832
GM,21,236
VC,21,3322
PE,21,16021
AO,21,3474
TG,21,155
MH,21,906
MF,21,34
NR,21,8
JM,22,7423
SE,22,119790
LB,22,3636
GT,22,5664
CG,22,5436
LS,22,281
SL,22,128
BD,22,10567
FM,22,1918
BH,22,2539
MH,22,962
JO,22,1523
SB,22,347
BZ,22,4150
YT,22,50
TD,22,76
ZA,23,66892
JM,23,10701
JP,23,336242
BW,23,1080
AL,23,6902
RW,23,1033
ZW,23,2852
SZ,23,680
FO,23,105
UZ,23,746
%,23,530
DO,23,240795
TK,23,2
TL,23,89
LI,23,141
FJ,23,1075
BR,23,782728
BI,23,216
GI,25,2199
HU,25,94324
PT,25,18782
QA,25,9537
IR,25,346845
CY,25,4922
BW,25,683
MV,25,263
IS,25,2660
GP,25,160
VU,25,101
KY,25,272
MX,25,226818
VE,25,1267674
AF,25,66
GL,25,128
BQ,25,35
KR,3306,194808
A2,3306,2996
SK,3306,2767
UG,3306,149
RW,3306,56
GA,3306,702
MN,3306,489
BM,3306,42
NE,3306,11
PE,3306,4701
GT,3306,505
NC,3306,106
SZ,3306,18
AP,3306,35
FJ,3306,11
TR,3389,67791
RO,3389,13650
ZM,3389,366
RW,3389,115
MG,3389,238
BT,3389,126
BO,3389,1982
SX,3389,42
KP,3389,20
TL,3389,9
GQ,3389,21
GU,443,10300
MN,443,3155
PK,443,37912
VU,443,370
MX,443,1899386
RW,443,741
TC,443,493
PN,443,121
MA,443,17092
RU,443,611951
LV,443,31253
SI,443,51993
KG,443,2142
LR,443,179
GB,465,217597
GI,465,2023
AE,465,523
IR,465,5483
TJ,465,2547
MD,465,975
GH,465,200
QA,465,9098
MN,465,255
DO,465,70614
MX,465,5664
CD,465,84
UY,465,424
CG,465,12733
PF,465,1919
AW,465,11
MP,465,12
CU,465,231
LA,465,50
BT,465,12
BB,465,70
AS,465,2
%,465,8
BJ,465,27
ID,53,70517
IT,53,118943
KG,53,615
A1,53,391
MU,53,1016
MZ,53,1199
TN,53,10108
ZM,53,583
MN,53,1031
GT,53,18970
MC,53,72
WF,53,486
BI,53,124
LA,53,194
CG,53,839
VN,587,15653
RU,587,83549
GB,587,209033
LT,587,8589
ZA,587,38693
NG,587,12518
KG,587,151
MW,587,48
AD,587,51
CG,587,1089
GD,587,10
KY,587,34
BB,587,82
CV,587,23
TW,8080,126741
UA,8080,50009
RS,8080,13188
ML,8080,325
TJ,8080,2517
MA,8080,6454
NG,8080,2365
CM,8080,1177
SD,8080,112
AD,8080,2492
CD,8080,84
SX,8080,1223
AG,8080,711
BT,8080,75
JP,8081,136423
CN,8081,605006
FR,8081,162701
BE,8081,325706
IR,8081,118032
MA,8081,10327
JE,8081,37
IS,8081,400
GE,8081,377
MG,8081,110
ML,8081,12
SR,8081,45
TG,8081,37
TC,8081,17
MM,8081,12
US,8443,3774950
AU,8443,214811
IE,8443,18563
DK,8443,7840
HR,8443,732
PA,8443,659
LA,8443,50
HT,8443,56
GM,8443,40
SC,8443,30
MR,8443,8
VC,8443,7
NG,990,922
MX,990,2964
JO,990,273
CW,990,42
MD,990,60
GU,990,11
LA,990,3
NZ,995,12194
FI,995,4723
IR,995,5801
YE,995,159
BR,995,38774
LU,995,2180
CI,995,141
SC,995,308
SS,995,32
VE,995,2382
EC,995,1984
TO,995,27
MR,995,11
KR,110,170873
VN,110,20915
PL,110,285547
EE,110,9350
LT,110,18350
ID,110,23417
GA,110,708
SC,110,330
BN,110,121
TN,110,279
CD,110,130
GU,110,50
SR,110,52
FO,110,22
KM,110,4
SY,135,101
BW,135,232
ZW,135,115
CD,135,108
CM,135,264
MV,135,1293
BB,135,64
VE,135,4365
BO,135,1198
AL,135,205
DZ,135,198
RW,135,128
GD,135,22
AS,135,8
GQ,135,17
YT,135,7
YT,143,5
ER,143,8
GB,1723,433529
SA,1723,13558
CY,1723,2925
LT,1723,18160
GE,1723,1346
RO,1723,17858
BS,1723,590
CC,1723,116
SB,1723,146
MR,1723,136
AZ,1723,1971
CG,1723,11687
KY,1723,309
PS,1723,858
BI,1723,163
SJ,1723,118
SH,1723,120
MS,1723,143
TL,25,43
US,445,1793759
KR,445,24079
PH,445,5163
IN,445,38494
LV,445,4858
CH,445,10341
AM,445,7316
MV,445,285
NP,445,640
WS,445,228
MZ,445,223
AF,445,569
PY,445,369
PE,445,4837
BI,445,23
MH,445,6
VU,445,13
TW,5000,51550
UA,5000,6097
AT,5000,8955
AO,5000,149
MV,5000,147
WS,5000,284
GM,5000,4
LA,5000,129
CO,5000,15043
IM,5000,413
LK,5000,469
GU,5000,93
BO,5000,1420
PM,5000,5
UG,5000,92
SR,5000,101
KM,5000,4
MF,5000,23
TW,5900,35203
GB,5900,82492
PL,5900,17688
GR,5900,2951
LT,5900,1242
AE,5900,866
PS,5900,80
ID,5900,4722
MA,5900,113
SI,5900,1545
WS,5900,299
QA,5900,9029
PG,5900,17
AD,5900,32
PF,5900,1937
AW,5900,25
SO,5900,9
SY,5900,10
LS,8443,4
JP,9100,116774
PL,9100,7795
SA,9100,7441
EG,9100,464
MG,9100,27
HR,9100,380
LT,9100,472
GE,9100,35
BO,9100,135
CG,9100,720
MC,9100,7
FO,9100,7
TT,9100,69
BF,9100,3
HT,9100,8
GB,993,219825
TR,993,63141
RO,993,64207
UA,993,22208
CY,993,835
KE,993,1965
MZ,993,633
MV,993,1890
LK,993,450
DO,993,70678
PY,993,568
BI,993,16
BT,993,26
ER,993,6
GL,110,9
GN,143,17
BQ,143,11
MH,1723,7
NU,23,2
VC,25,17
TC,53,10
BT,9100,2
LR,993,7
BT,135,1
PM,143,4
CX,22,1
KI,5000,2
TK,53,1
MH,5900,1
KI,993,1
BQ,139,8
ST,25,6
LS,3306,18
GQ,465,5
AX,465,11
SO,587,5
TV,8080,1
CV,990,4
BQ,995,3
CX,135,1
SJ,3389,1
SH,5000,1
MA,8888,12069
NA,8888,36
CV,8888,15
CR,8888,364
KP,8888,4
PE,8888,3292
CG,8888,2554
NC,8888,66
ST,8888,1
TD,8888,3
SJ,110,1
JP,1433,81143
GE,1433,222
TZ,1433,374
TN,1433,423
AO,1433,148
RO,1433,2223
BF,1433,5
GP,1433,16
BB,1433,18
BJ,1433,13
SX,1433,12
UY,1433,296
CD,1433,16
MS,3306,2
CF,111,1
SR,1433,12
BT,1433,2
NU,21,1
FO,3306,5
CO,389,6403
DO,389,70583
NP,389,60
RE,389,47
CI,389,69
ER,389,6
AW,389,15
AS,389,4
BZ,389,43
MR,389,15
LC,8888,17
SL,111,3
GL,3306,1
BL,3306,1
TV,389,2
SO,465,4
TD,3306,1
NU,3306,1
VA,8081,1
SH,8888,1
SJ,990,1
PW,8081,1
CC,8081,1
BL,143,1
BL,3389,1
CC,587,1
PL,80,439901
US,80,6719667
IS,80,8911
KW,80,416953
MA,80,2675
MX,80,4
KN,80,682
TH,111,14899
IN,111,25139
VN,111,6715
GB,111,113975
BE,111,258180
NO,111,7549
BY,111,1410
A1,111,271
MV,111,373
KY,111,63
LI,111,72
GM,111,29
CO,111,11567
YE,111,187
HT,111,74
SD,111,45
PG,111,21
CA,139,58410
KR,139,68615
RU,139,122975
DE,139,85844
OM,139,342
CI,139,284
UZ,139,322
PR,139,1031
VG,139,268
TT,139,5952
VE,139,1400
TC,139,8
KN,139,22
FJ,139,20
BF,139,36
ER,139,7
YT,139,14
MR,139,28
AX,139,15
VU,139,13
MF,139,2
KR,143,539211
CZ,143,31661
SA,143,8010
TR,143,87498
A1,143,276
MO,143,1039
TT,143,125
LK,143,634
AD,143,80
HK,21,223392
VN,21,77659
PS,21,22085
RO,21,91196
LT,21,21886
UG,21,624
EU,21,10026
CL,21,13148
PG,21,273
VG,21,3348
SC,21,888
WS,21,430
MR,21,106
TC,21,101
AD,21,278
CK,21,63
VU,21,18
KN,22,1123
IN,22,267233
PK,22,19996
DE,22,1138802
SI,22,11396
CY,22,6813
AX,22,3681
EG,22,32324
MK,22,3868
RO,22,60079
ZM,22,1694
BI,22,363
SZ,22,415
OM,22,1596
CO,22,108218
SX,22,770
MX,22,89396
NI,22,2159
EC,22,29730
GG,22,154
GP,22,272
AG,23,3181
UA,23,84033
HR,23,13435
BE,23,290426
IE,23,26132
GR,23,15026
HU,23,28736
JE,23,366
DZ,23,3439
SO,23,409
WS,23,387
BN,23,697
TT,23,25736
HN,23,5645
SY,23,501
MS,23,86
KR,25,484970
RU,25,245103
SE,25,47339
UZ,25,706
MK,25,954
CL,25,8227
TM,25,144
CD,25,170
PG,25,427
AO,25,897
BM,25,346
AI,25,133
GW,25,30
HT,25,66
GQ,25,23
IN,3306,59361
PH,3306,5210
DE,3306,372814
LT,3306,11110
AF,3306,261
PR,3306,303
UY,3306,618
TL,3306,10
SS,3306,29
HT,3306,31
ZA,3389,53595
JP,3389,175699
DE,3389,214139
EG,3389,8473
AE,3389,7166
LK,3389,1532
CI,3389,416
AO,3389,947
SC,3389,99
MK,3389,2007
TC,3389,34
MX,3389,42596
LR,3389,23
DO,3389,72620
NP,3389,668
LA,3389,212
CW,3389,431
AW,3389,191
SR,3389,173
SB,3389,30
AP,3389,82
FM,3389,15
YT,3389,30
KH,443,4960
WF,443,158
PW,443,161
PF,443,2670
KI,443,132
DJ,443,318
SH,443,118
AI,443,373
CO,443,246763
DZ,443,2985
RO,443,122821
CR,443,26254
KW,443,22805
MZ,443,2319
RU,465,83573
RS,465,1522
NO,465,9750
LU,465,2696
WS,465,291
AZ,465,1176
CI,465,106
NC,465,153
GM,465,6
CM,465,30
ML,465,19
WF,465,2
SG,53,31457
TH,53,132204
PK,53,81281
MY,53,25458
DK,53,15787
SE,53,60754
FI,53,11601
MD,53,5936
MK,53,3393
SV,53,5448
BS,53,802
MT,53,1719
ML,53,108
SY,53,1105
OM,53,377
GD,53,84
SL,53,62
CK,53,14
CA,587,136616
PH,587,2855
PK,587,4546
DE,587,343758
SE,587,19286
NO,587,9723
SK,587,2548
AI,587,81
GG,587,26
AR,587,15513
KH,587,392
GT,587,342
YE,587,170
BN,587,95
DM,587,5
HK,8080,160671
LI,8080,349
FI,8080,15989
MK,8080,4325
LT,8080,8481
EE,8080,11602
AZ,8080,3379
AO,8080,911
TN,8080,35392
GF,8080,960
BH,8080,1680
BO,8080,2793
BQ,8080,128
PM,8080,32
AS,8080,21
GL,8080,38
KM,8080,8
HK,8081,110940
FI,8081,24270
AX,8081,71
BD,8081,731
IQ,8081,216
SC,8081,125
JM,8081,156
MK,8081,743
AZ,8081,876
SN,8081,120
CR,8081,727
PS,8081,133
SD,8081,38
SS,8081,22
SM,8081,31
CA,8443,60712
CN,8443,405195
ID,8443,5088
ES,8443,65507
JO,8443,604
PT,8443,9517
IS,8443,261
SK,8443,1965
TJ,8443,2677
MA,8443,701
NP,8443,136
SD,8443,45
SM,8443,36
ET,8443,29
NE,8443,13
SR,8443,24
MF,8443,7
PW,8443,3
HK,990,84857
BE,990,262367
UZ,990,29
RO,990,7166
TJ,990,1849
DZ,990,1381
BD,990,71
GY,990,6
CL,990,608
IS,990,46
BB,990,16
AL,990,21
MS,990,1
VC,990,7
JP,995,535018
KZ,995,1556
LV,995,5333
JE,995,19
IQ,995,197
LR,995,7
CL,995,3455
SO,995,10
CM,995,44
UY,995,420
ME,995,86
RE,995,52
BM,995,21
CF,995,5
KY,995,32
CA,110,492921
TW,110,90456
NL,110,173962
LV,110,5865
RO,110,68181
PT,110,11949
BS,110,335
MU,110,441
LY,110,179
PS,110,378
GE,110,754
LK,110,790
LI,110,136
MG,110,165
RW,110,36
HN,110,977
SV,110,374
SN,110,67
CV,110,12
TV,110,2
PH,135,5394
A2,135,2913
SN,135,253
VI,135,287
UG,135,269
GY,135,16
ER,135,8
CU,135,1
GY,143,11
NU,143,2
HK,1723,266519
KR,1723,516676
TW,1723,159212
VN,1723,45079
GI,1723,2314
BG,1723,11915
%,1723,501
KH,1723,2599
CF,1723,123
KM,1723,119
NE,1723,131
AW,1723,264
HT,1723,217
CW,1723,377
DM,25,19
SL,25,17
WF,3389,5
DE,445,120825
BG,445,5836
PS,445,513
PT,445,7209
GH,445,773
GA,445,580
ZM,445,147
DO,445,71094
VG,445,158
TC,445,12
RE,445,186
MQ,445,112
GP,445,146
HT,445,117
PA,445,2235
SS,445,25
KM,445,7
JP,5000,139227
IT,5000,13739
AX,5000,29
SG,5000,9352
IN,5000,53022
VN,5000,22830
SI,5000,1994
GY,5000,18
KY,5000,50
BZ,5000,116
CU,5000,109
SB,5000,8
BF,5000,9
GW,587,2
DE,5900,50886
BG,5900,2754
NL,5900,31893
IT,5900,14138
TJ,5900,1891
DZ,5900,1406
BI,5900,7
MC,5900,53
IS,5900,413
KZ,5900,372
LK,5900,155
BR,5900,23872
UY,5900,605
LS,5900,7
GY,5900,16
KR,9100,124636
DK,9100,5320
RU,9100,19043
CH,9100,4300
A2,9100,2767
IE,9100,1550
PT,9100,545
PR,9100,245
RO,9100,8320
MU,9100,236
MD,9100,159
MT,9100,217
NU,9100,1
CR,9100,139
MM,9100,4
KH,9100,41
SJ,9100,1
PM,9100,2
ZA,993,38202
FI,993,6030
SE,993,21133
IR,993,5635
PG,993,195
A1,993,2030
CI,993,142
PR,993,399
LB,993,706
AL,993,113
VE,993,2395
LC,993,13
MP,993,13
NU,135,1
NR,143,4
KI,23,15
NR,445,1
GN,5000,3
TD,53,16
AQ,53,5
GN,5900,3
AI,5900,6
BL,8443,1
GY,993,10
TV,22,7
KI,445,3
MH,5000,2
GW,53,7
ER,8080,4
FO,8081,17
NF,9100,1
SH,143,1
CU,445,1
PN,5000,1
DJ,5900,4
PM,111,11
SX,465,4
SB,587,8
BI,990,3
BF,990,2
FO,990,3
SC,990,2
TO,990,1
TC,995,6
BL,995,1
GQ,110,7
TL,8081,5
RO,8888,12409
AT,8888,4307
GR,8888,7362
HU,8888,5264
AM,8888,333
BE,8888,266122
BA,8888,14237
TH,8888,16779
ZA,8888,21610
TZ,8888,339
RS,8888,701
NP,8888,93
AO,8888,131
AF,8888,212
MG,8888,53
TT,8888,123
SV,8888,91
SM,8888,22
WF,993,2
SK,1433,900
AZ,1433,808
MA,1433,374
BR,1433,24180
PS,1433,144
CR,1433,731
ET,1433,50
SV,1433,227
BN,1433,70
HT,1433,28
ER,1433,2
MF,1433,3
TG,1433,8
LI,1433,4
TD,1433,2
TV,3389,1
FM,587,2
NR,8080,2
SH,8443,1
BL,990,1
NR,139,1
LR,1433,2
VN,389,2117
NO,389,4473
SG,389,4125
NG,389,1984
GA,389,724
LV,389,671
MD,389,131
SY,389,11
AF,389,234
RS,389,260
BN,389,77
UG,389,115
NR,389,2
TG,389,9
VC,389,5
ML,389,12
PG,389,20
LR,990,1
SJ,995,1
CC,111,1
MH,111,2
GF,1433,2
PM,1433,2
LC,389,8
TC,389,2
CX,111,1
KM,1433,1
GQ,389,5
KM,8888,3
ST,993,1
PM,389,1
NR,8888,1
DJ,8888,1
VN,80,4507
AZ,80,8964
BA,80,13597
DK,80,152013
CA,80,273011
SI,80,14392
EU,80,210953
LV,80,35985
LK,80,28
KE,80,798
KY,80,1036
PM,80,61
TG,80,265
FO,80,165
KM,9100,1
RU,111,151001
EE,111,2159
BD,111,1993
ZW,111,612
MU,111,344
NG,111,1124
CI,111,55
DZ,111,1533
MZ,111,602
FJ,111,37
SY,111,46
JE,111,21
NP,111,193
SS,111,22
IN,139,43652
SG,139,8913
PK,139,12873
FI,139,7874
CY,139,1191
PG,139,32
YE,139,263
DZ,139,181
LK,139,304
BN,139,35
RW,139,128
CV,139,28
GY,139,15
AI,139,6
US,143,5932850
FI,143,6008
IT,143,47445
UZ,143,384
ID,143,23218
MA,143,1069
LS,143,4624
AM,143,411
PR,143,765
LI,143,115
BZ,143,553
CM,143,121
CD,143,129
IQ,143,200
KI,143,2
GP,143,47
AU,21,322965
NZ,21,27353
PL,21,408874
BE,21,315280
CY,21,4655
HU,21,45038
JO,21,1501
MV,21,1353
NA,21,466
LY,21,2897
SO,21,306
BJ,21,217
MC,21,261
BO,21,24929
SB,21,230
GY,21,404
TW,22,197705
SA,22,29529
IE,22,184010
AE,22,27149
BS,22,1111
MV,22,2160
YE,22,832
ZA,22,96731
CI,22,712
BJ,22,312
MP,22,203
GQ,22,350
NE,22,254
RE,22,681
CV,22,122
WF,22,150
MF,22,36
PH,23,40869
DE,23,144930
GB,23,211440
IL,23,65402
FR,23,348545
SK,23,16424
LB,23,5251
EU,23,4270
EG,23,35820
MW,23,813
GD,23,1477
BM,23,609
FK,23,1292
GL,23,103
DM,23,425
MQ,23,283
HT,23,1492
IO,23,173
DE,25,722503
IT,25,78887
EE,25,13036
JE,25,344
NO,25,22372
IE,25,20755
TJ,25,2497
ET,25,97
ZW,25,664
AZ,25,1838
A2,25,3059
WS,25,344
AL,25,340
MW,25,107
LA,25,166
NE,25,67
SZ,25,64
CG,25,897
BO,25,61228
NI,25,6085
PF,25,1936
NZ,3306,9794
CH,3306,17743
FR,3306,232024
IT,3306,35188
GE,3306,730
LU,3306,1679
JO,3306,362
MO,3306,1039
NA,3306,66
MC,3306,26
ET,3306,50
TV,3306,3
DJ,3306,15
GY,3306,8
TW,3389,90474
ID,3389,13240
LB,3389,1570
BG,3389,10864
QA,3389,10038
JO,3389,2086
IQ,3389,481
MA,3389,3022
TN,3389,1831
AL,3389,508
MO,3389,1493
TM,3389,52
BQ,3389,35
KM,3389,6
NZ,443,83763
BD,443,12461
LA,443,1264
NL,443,2439469
WS,443,593
DM,443,345
OM,443,4690
FI,443,82292
GQ,443,295
LU,443,25071
GP,443,1573
AD,443,1285
YT,443,71
MR,443,252
EU,465,4848
EE,465,3697
SK,465,4219
IE,465,6197
ID,465,14486
KZ,465,1274
MU,465,346
GN,465,14
KW,465,201
LB,465,661
BS,465,263
ME,465,53
AO,465,126
JM,465,53
RW,465,23
RS,53,22162
SK,53,18697
HR,53,6490
PT,53,18252
LY,53,1105
RW,53,209
SZ,53,72
BZ,53,1420
NC,53,138
IM,53,488
UY,53,3647
HT,53,1231
KP,53,21
US,587,4174042
FR,587,232416
MD,587,939
LI,587,370
GH,587,181
UA,587,18014
OM,587,212
CR,587,959
LB,587,583
CI,587,81
JM,587,80
PE,587,4143
GM,587,23
TG,587,19
SC,587,326
TL,587,20
PF,587,1919
BQ,587,6
TT,587,69
KP,587,18
LC,587,10
IN,8080,103727
CA,8080,233583
KR,8080,844998
RO,8080,163208
GG,8080,264
SI,8080,8698
NP,8080,4414
PH,8080,19603
MV,8080,1338
BB,8080,367
CW,8080,988
SV,8080,9371
SM,8080,193
PW,8080,144
DM,8080,50
GY,8080,81
LS,8080,22
TR,8081,537217
KW,8081,3361
LV,8081,2911
BH,8081,13234
PR,8081,1015
CO,8081,11700
GT,8081,321
CV,8081,43
BG,8443,3847
FR,8443,144522
IL,8443,8401
GI,8443,2002
UA,8443,3312
CY,8443,1718
TZ,8443,575
MW,8443,40
OM,8443,510
MQ,8443,185
PS,8443,152
SV,8443,126
JM,8443,142
EE,990,946
ZM,990,15
PH,990,1167
SK,990,466
SI,990,776
CR,990,88
GE,990,31
MR,990,1
TN,990,32
CN,995,337560
PL,995,279003
HU,995,11054
NO,995,9324
MN,995,305
MK,995,496
ML,995,31
AZ,995,1225
PA,995,6076
GH,995,153
SV,995,255
SD,995,51
ET,995,32
TL,995,20
AW,995,6
IT,110,48510
GG,110,16
KE,110,2443
LR,110,8
ZM,110,141
PE,110,5746
VE,110,3690
SS,110,36
KG,110,192
KN,110,25
TG,110,30
YE,110,127
ZA,135,34286
TW,135,200276
DE,135,116905
FR,135,150695
CZ,135,15324
EE,135,1170
MG,135,182
CI,135,233
MU,135,508
PA,135,1120
EC,135,1533
OM,135,379
TG,135,26
FM,135,4
CV,143,13
SX,143,18
PE,1723,6151
AT,1723,34892
NL,1723,232226
PT,1723,26393
MT,1723,1697
FI,1723,7126
MK,1723,1728
AO,1723,662
BW,1723,291
GY,1723,202
KI,1723,129
EC,1723,6337
MX,1723,25879
CM,1723,362
PG,1723,226
TO,1723,144
GL,1723,268
PY,1723,657
CU,1723,367
SL,1723,156
NF,1723,118
TM,23,44
GW,3389,10
VA,3389,7
PK,445,12417
KW,445,2077
MW,445,43
LT,445,3128
GT,445,1507
ET,445,100
LA,445,83
CL,445,4633
KY,445,66
ST,445,7
MM,445,28
GR,5000,3006
GH,5000,134
KE,5000,816
OM,5000,363
FI,5000,3685
UZ,5000,88
IQ,5000,165
YE,5000,146
PY,5000,350
CG,5000,810
GQ,5000,5
MW,5000,6
NZ,5900,8778
ES,5900,44013
FR,5900,107396
UA,5900,3207
HU,5900,4839
NE,5900,8
BD,5900,627
EC,5900,861
MG,5900,65
SD,5900,20
ME,5900,55
PW,5900,6
SB,5900,3
AX,5900,15
VA,8080,5
DE,9100,52289
IL,9100,2723
SE,9100,5480
EU,9100,3684
IT,9100,8362
ET,9100,24
IN,9100,8686
IR,9100,4487
NA,9100,19
DZ,9100,1363
MZ,9100,540
NG,9100,895
BM,9100,12
GQ,9100,1
CM,9100,6
TH,993,16613
NZ,993,13177
NO,993,10319
A2,993,2906
EE,993,9208
BW,993,104
TL,993,22
MK,993,513
WS,993,304
BH,993,71
MC,993,53
BF,993,22
SR,993,41
MW,993,45
TO,993,20
VC,993,4
BL,993,1
DJ,993,8
CK,993,8
VC,143,9
AQ,445,2
CX,5000,1
SO,5000,1
PM,5900,3
BW,9100,11
LR,9100,4
LS,5000,2
ER,9100,1
PW,110,5
KI,3389,4
MS,5000,2
DJ,9100,1
KN,111,16
ST,587,2
PN,990,1
AG,995,11
BL,5000,1
UA,8888,6591
UZ,8888,84
ID,8888,9342
MK,8888,539
ZM,8888,29
WS,8888,284
LB,8888,662
LV,8888,1082
CO,8888,6321
BR,8888,48387
CL,8888,1353
BO,8888,650
TV,8888,2
KG,8888,36
BW,8888,21
AW,8888,21
NF,110,1
ES,1433,36326
GB,1433,75142
EG,1433,3668
GT,1433,486
CG,1433,2095
ZW,1433,50
VU,1433,2
AI,1433,3
GG,1433,8
TV,1433,2
AQ,139,1
TC,1433,3
VI,1433,3
SJ,1433,1
IN,389,12640
PK,389,1196
NL,389,24385
SE,389,2752
LT,389,424
FI,389,900
MA,389,289
CD,389,19
NE,389,6
KZ,389,484
BR,389,19327
AL,389,46
EC,389,890
BI,389,11
BT,389,25
ME,389,32
RW,389,16
%,389,6
CF,389,4
PN,8080,1
CX,8888,3
PG,8888,5
BQ,8888,2
VU,990,1
WF,995,2
SJ,143,1
DM,1433,3
SB,389,1
TV,111,2
GQ,1433,1
CX,1433,1
TK,3306,1
TD,389,1
TO,8888,1
GN,3306,3
SH,995,1
IO,135,2
IO,143,1
RO,80,178538
PS,80,16550
AE,80,13018
JO,80,35562
PK,80,2855
CL,80,401
GD,80,1546
DO,80,7263
LA,80,1
WS,80,137
CD,80,38
GH,80,113
TV,9100,1
KR,111,639591
CN,111,476319
PK,111,1994
DE,111,157231
PS,111,138
RS,111,1067
SE,111,36858
MK,111,537
TZ,111,508
MG,111,173
VC,111,18
TT,111,78
GU,111,22
AG,111,31
US,139,918154
LT,139,2667
GE,139,1815
EE,139,977
KG,139,260
CM,139,118
GA,139,456
SC,139,32
RS,139,1230
BT,139,2
RE,139,405
EC,139,1677
CR,139,1132
ML,139,29
BJ,139,44
KY,139,51
DM,139,9
NF,139,1
PW,139,17
RO,143,69025
HR,143,2940
ZA,143,37667
MT,143,562
JO,143,762
PS,143,378
PY,143,648
CW,143,158
FJ,143,120
BB,143,118
BT,143,71
SS,143,42
MD,21,6850
UA,21,84566
SE,21,104121
FR,21,466751
MK,21,3418
AM,21,4899
YE,21,3212
TZ,21,1602
CM,21,1826
CD,21,528
CF,21,7
SM,21,639
SX,21,59
LA,21,1721
SS,21,45
AQ,21,4
BT,21,134
BQ,21,3962
DJ,21,14
SG,22,211213
KR,22,238208
PL,22,367804
RS,22,38355
SK,22,25289
BE,22,312991
KY,22,2007
PG,22,1597
AZ,22,4283
MZ,22,3870
UZ,22,1218
SM,22,569
GI,22,1478
FK,22,1293
SR,22,7657
IO,22,160
CN,23,3340828
CH,23,11917
PS,23,7428
VC,23,3484
TJ,23,2807
YE,23,2213
AO,23,4748
VI,23,450
KY,23,947
BT,23,631
DJ,23,171
ER,23,82
PK,25,5883
GT,25,264873
BS,25,643
KH,25,6078
TC,25,17
GD,25,64
CU,25,1656
BT,25,117
AX,25,72
JP,3306,257290
UA,3306,40901
PL,3306,265150
ES,3306,77879
IL,3306,3956
BG,3306,18342
MU,3306,359
LY,3306,111
TZ,3306,790
SC,3306,710
JM,3306,85
TG,3306,20
CO,3306,7679
PY,3306,552
PA,3306,3260
MQ,3306,17
LC,3306,8
KY,3306,21
VI,3306,11
KR,3389,229717
IN,3389,87929
SE,3389,32981
GR,3389,11463
KE,3389,2710
SD,3389,160
LY,3389,227
GG,3389,57
UZ,3389,710
CM,3389,220
VC,3389,42
MM,3389,105
SM,3389,117
TT,3389,562
AX,3389,70
CU,3389,332
SY,3389,189
PN,3389,1
NF,3389,2
KR,443,1206508
MY,443,86968
HK,443,263392
CA,443,767620
ID,443,53763
AF,443,977
NC,443,2563
NR,443,148
VG,443,2273
MS,443,139
NO,443,105228
AT,443,157293
TJ,443,3400
FM,443,403
SX,443,464
IO,443,32
PE,465,4072
CH,465,23324
AT,465,11842
LT,465,7944
ZW,465,718
MA,465,1052
VG,465,2023
MT,465,340
CL,465,3341
SB,465,10
CV,465,17
US,53,3472032
AG,53,690
JP,53,470945
EG,53,10626
NL,53,238179
ES,53,270618
ZA,53,69678
BY,53,4407
AZ,53,4731
MX,53,105232
CI,53,1212
GN,53,311
PS,53,7134
BH,53,453
MP,53,30
BN,53,182
GQ,53,87
VI,53,134
LR,53,42
EC,53,12760
AF,53,232
BE,587,273362
JE,587,35
TH,587,15751
TN,587,196
NP,587,407
AO,587,407
UG,587,157
LS,587,13
TM,587,12
BT,587,7
ET,587,29
US,8080,5590508
IT,8080,92178
FR,8080,333789
HR,8080,8629
PT,8080,16826
MO,8080,3040
QA,8080,10039
MG,8080,1175
BW,8080,1116
CO,8080,958944
JM,8080,960
YE,8080,281
PA,8080,30719
GD,8080,136
MP,8080,120
ES,8081,154703
IL,8081,3395
PL,8081,22346
A2,8081,2764
CH,8081,10175
QA,8081,27160
EU,8081,6216
ME,8081,1984
DZ,8081,30615
GD,8081,19
OM,8081,261
RW,8081,82
NP,8081,286
AL,8081,216
TT,8081,391
PK,8081,1331
EC,8081,101827
GM,8081,12
GP,8081,128
BB,8081,92
KY,8081,78
AI,8081,21
ET,8081,33
GY,8081,52
MP,8081,14
TW,8443,18923
CH,8443,19710
SE,8443,23066
SA,8443,21854
FI,8443,3629
CI,8443,112
RO,8443,8418
EG,8443,798
EE,8443,1613
AO,8443,196
BJ,8443,58
LI,8443,132
AZ,8443,710
A2,8443,2834
KH,8443,130
BW,8443,141
CM,8443,25
CG,8443,13098
PF,8443,1996
BQ,8443,9
YE,8443,144
GD,8443,15
NU,8443,2
GF,8443,43
GU,8443,62
MH,8443,3
CU,8443,111
CK,8443,9
TK,8443,1
CN,990,324626
SA,990,7333
NO,990,5590
TR,990,5393
BG,990,523
EU,990,3645
PT,990,345
BA,990,82
SG,990,2622
IE,990,1266
AU,990,187539
A1,990,1932
FK,990,4
AZ,990,629
AE,990,226
CO,990,3383
PY,990,42
LK,990,169
BH,990,39
ME,990,19
PG,990,4
DM,990,3
US,995,5001682
IL,995,11389
FR,995,250656
KG,995,151
IE,995,6206
MU,995,372
MW,995,46
FK,995,1290
PR,995,357
LB,995,724
CD,995,80
BO,995,351
VU,995,12
VI,995,51
MH,995,4
AD,995,67
NZ,110,14136
PK,110,3328
UA,110,26270
SK,110,4525
BE,110,263586
UZ,110,472
CL,110,4957
MW,110,146
DO,110,70686
PF,110,1940
TO,110,34
GY,110,15
BM,110,33
JP,135,205266
SD,135,343
IL,135,9529
SK,135,2284
BD,135,2059
LK,135,486
BS,135,30
NI,135,227
CG,135,1783
SM,135,19
KI,135,4
TR,1723,31483
IE,1723,11093
GP,1723,398
EU,1723,4175
PH,1723,6190
MO,1723,3902
DZ,1723,1836
GN,1723,222
MQ,1723,277
BZ,1723,205
CK,1723,145
DJ,1723,124
PN,1723,123
FM,1723,10
TL,1723,30
VA,22,20
MH,3389,11
MY,445,7148
UA,445,50691
TR,445,37883
EE,445,1492
NO,445,19218
MX,445,23479
KE,445,1505
AL,445,348
NE,445,24
FM,445,74
JE,445,40
HN,445,1080
ZW,445,104
CG,445,13426
AI,445,5
MY,5000,14486
NZ,5000,9222
RU,5000,26535
TR,5000,22994
CH,5000,19375
HU,5000,9942
GB,5000,90992
KZ,5000,664
EE,5000,1395
PH,5000,3252
KH,5000,1575
AL,5000,436
HR,5000,945
NP,5000,168
MG,5000,44
CL,5000,6658
NA,5000,50
SC,5000,14
MQ,5000,186
VE,5000,4542
SY,5000,32
MR,5000,5
SS,5000,12
SV,5000,121
AP,5000,11
TG,5000,5
TD,587,1
SG,5900,4791
CH,5900,6952
IR,5900,7303
A2,5900,2842
RO,5900,7684
KW,5900,246
ZA,5900,25900
MZ,5900,582
JM,5900,116
RS,5900,543
MD,5900,286
MQ,5900,77
AZ,5900,717
KG,5900,30
CG,5900,3735
LY,5900,29
GF,5900,9
BJ,5900,12
UA,9100,2605
AT,9100,2865
AZ,9100,622
SI,9100,902
PK,9100,726
GH,9100,107
VI,9100,12
AM,9100,43
NC,9100,15
BJ,9100,12
CF,9100,1
IT,993,32515
SK,993,5199
IS,993,1403
BJ,993,37
ZM,993,98
GM,993,12
PS,993,305
TG,993,21
AZ,993,1293
CL,993,3467
JO,993,113
AD,993,64
MR,993,12
AI,993,2
DM,993,8
ER,110,10
AQ,135,2
NF,25,1
PM,3389,4
DM,445,12
CX,8080,1
ER,8443,3
AS,9100,2
CC,445,1
AI,9100,1
NR,110,1
CC,110,1
PW,21,13
PN,8443,1
AQ,993,2
TD,111,3
LR,111,4
KM,3306,2
TG,465,11
KM,8443,1
AD,990,6
TD,995,3
NR,5900,1
DK,8888,5126
TR,8888,12566
SE,8888,5753
CH,8888,13468
AL,8888,439
PR,8888,267
KE,8888,848
IS,8888,115
QA,8888,9109
SL,8888,10
JO,8888,470
GD,8888,6
%,8888,11
TL,8888,3
GY,995,10
US,1433,991957
TW,1433,19469
TR,1433,28218
UG,1433,89
HU,1433,2482
VC,1433,4
FJ,1433,43
NP,1433,124
YE,1433,174
SD,1433,43
RE,1433,21
TL,1433,2
GY,1433,5
MM,1433,17
NU,465,1
CF,587,2
MS,587,1
FM,990,1
CX,110,1
PM,139,1
BI,1433,3
CN,389,320894
GR,389,1391
BE,389,253438
EG,389,996
KE,389,1039
BA,389,138
AZ,389,742
IM,389,259
MX,389,5348
KW,389,225
KI,389,4
HN,389,132
ZM,389,49
MM,389,18
AX,389,6
KP,389,4
CK,389,1
KI,8081,1
TC,8888,2
AQ,110,2
YT,389,5
ST,995,1
SJ,587,1
AI,8888,1
AQ,587,1
AU,80,103891
CN,80,360469
DE,80,989745
FR,80,787873
SY,80,106862
OM,80,151383
HR,80,9053
MK,80,11105
LY,80,129
BN,80,194
A2,80,25
AG,80,811
LS,80,208
SV,80,94
GU,80,160
SM,80,342
TJ,80,252
MC,80,1042
MF,9100,1
TK,993,1
PL,111,34483
KG,111,843
IT,111,19304
DK,111,9337
A2,111,2943
LV,111,7181
QA,111,378
SG,111,11719
IE,111,4145
BR,111,46650
BA,111,358
SC,111,302
MQ,111,45
OM,111,166
HN,111,150
ET,111,37
DM,111,9
SR,111,57
MY,139,5152
BG,139,4782
NL,139,163340
KW,139,1677
MA,139,1248
NA,139,93
CD,139,59
MV,139,1682
MX,139,18403
CL,139,4033
AP,139,44
SL,139,9
AW,139,57
BI,139,20
RU,143,112447
NL,143,167666
SI,143,4339
EG,143,1338
TJ,143,2159
BW,143,477
FK,143,1289
LB,143,840
LU,143,3971
BO,143,503
ZW,143,238
SD,143,70
VA,143,4
SC,143,317
GQ,143,7
CN,21,1864809
MY,21,42919
LU,21,5244
BY,21,10640
LV,21,13586
SV,21,2380
BB,21,1446
BD,21,10050
NC,21,6523
MU,21,1364
FK,21,1288
TL,21,113
AI,21,31
HN,21,3146
GF,21,100
AP,21,173
CA,22,418130
UA,22,139388
RU,22,504945
NL,22,423299
LT,22,46239
LU,22,6872
PE,22,12000
DZ,22,2791
GH,22,2874
SN,22,1603
%,22,641
WS,22,471
GN,22,350
SO,22,369
TL,22,127
ER,22,32
LC,23,1023
KR,23,1024663
TW,23,218685
ID,23,71032
TR,23,128320
FI,23,29124
SI,23,4444
CI,23,1193
MU,23,3241
EC,23,77622
GQ,23,140
LA,23,2607
A1,23,80
MX,23,159432
AS,23,69
VN,25,25511
AT,25,42081
CZ,25,67977
SA,25,10039
BG,25,45555
ES,25,164412
IL,25,29865
LB,25,1841
EG,25,963895
TZ,25,897
PA,25,13370
GA,25,749
SC,25,524
GN,25,30
TG,25,53
SD,25,181
MR,25,50
SR,25,148
DJ,25,27
CK,25,28
MM,25,197
SX,25,48
MF,25,19
TR,3306,66025
LB,3306,433
GR,3306,4211
SY,3306,37
BY,3306,2935
AR,3306,14942
MA,3306,1098
MW,3306,34
A1,3306,631
AE,3306,649
MV,3306,221
ZW,3306,121
LI,3306,44
IQ,3306,155
AL,3306,147
SB,3306,4
VN,3389,37426
ES,3389,114686
CZ,3389,40766
IR,3389,20323
FI,3389,5876
IT,3389,47528
UA,3389,21883
YE,3389,417
AG,3389,83
HT,3389,169
CK,3389,25
BZ,3389,202
IO,3389,2
TH,443,188046
--,443,2539
IR,443,109933
DE,443,2212518
GA,443,4762
BM,443,1688
EC,443,22937
TT,443,20593
CU,443,9930
CK,443,200
MW,443,1878
EU,443,527112
UA,443,172393
IT,443,1593005
PL,443,811116
IM,443,3756
BY,443,10962
MG,443,1128
CD,443,642
SS,443,139
SZ,443,241
US,465,4817189
CA,465,127621
HK,465,98206
SI,465,3783
AM,465,305
MV,465,464
GP,465,46
BM,465,15
BA,465,355
LK,465,397
PA,465,3505
BF,465,33
JO,465,388
SM,465,71
HN,465,212
BW,465,56
GB,53,285618
DE,53,372529
SA,53,44842
GR,53,11113
AR,53,92399
SN,53,418
CL,53,15790
CW,53,413
JO,53,820
FO,53,62
YE,53,133
BO,53,3203
VE,53,10586
TW,587,18871
BG,587,18434
FI,587,4583
RE,587,64
VG,587,2237
BS,587,221
BA,587,393
SY,587,58
LY,587,153
NC,587,157
PR,587,377
VE,587,2330
ZM,587,85
SL,587,5
NI,587,387
SS,587,40
AF,587,86
CH,8080,81704
GR,8080,89515
BE,8080,295665
NO,8080,44533
FJ,8080,278
ZW,8080,943
KE,8080,5131
RW,8080,162
TC,8080,512
SR,8080,4992
LA,8080,308
NE,8080,38
KP,8080,11
US,8081,2948794
RU,8081,46975
CY,8081,410
TJ,8081,2566
SK,8081,7619
LU,8081,972
VE,8081,5020
BW,8081,35
VG,8081,71
TM,8081,18
TO,8081,3
VU,8081,25
LA,8081,48
PK,8443,1173
CZ,8443,9811
LB,8443,410
VN,8443,4765
TO,8443,1
MK,8443,430
UY,8443,453
SB,8443,6
FJ,8443,38
ME,8443,42
GE,8443,143
SY,8443,70
CW,8443,95
WF,8443,2
CH,990,3614
GI,990,1973
CY,990,110
MV,990,450
KZ,990,125
MO,990,1166
IQ,990,101
IM,990,258
EC,990,273
BO,990,68
UY,990,33
MM,990,6
AM,990,47
NF,990,1
MC,990,8
SV,990,20
SR,990,9
GG,990,1
MW,990,3
RO,995,64420
ES,995,75968
A2,995,2916
GI,995,1995
MD,995,1077
IN,995,30741
PS,995,312
BD,995,1440
NG,995,498
BJ,995,39
TT,995,65
FM,995,2
US,110,5531186
PH,110,3790
IL,110,17002
FI,110,6871
IE,110,7942
EU,110,7529
AE,110,1109
AO,110,665
A2,110,3001
BH,110,120
CM,110,214
AI,110,83
TL,110,23
NC,110,196
MR,110,25
CK,110,16
GN,110,22
VA,110,12
VU,110,42
JM,135,85
PR,135,1252
HK,135,127443
MY,135,8264
BG,135,7958
KE,135,2380
IE,135,5490
NG,135,3002
TJ,135,2302
CR,135,1254
RS,135,970
MK,135,1160
KH,135,273
AX,135,51
LR,135,22
TK,135,1
GN,135,5
SB,135,7
MR,143,18
BD,1723,9923
TH,1723,30650
IT,1723,48348
IL,1723,10233
IR,1723,40581
SK,1723,11172
HR,1723,9011
AR,1723,31177
NA,1723,700
MN,1723,783
LS,1723,174
VC,1723,156
BN,1723,425
KN,1723,166
BO,1723,1515
AI,1723,136
KZ,445,4806
MU,445,488
CM,445,149
TG,445,31
GU,445,11111
MN,445,348
VI,445,31
VC,445,16
LI,445,55
VE,445,1898
PF,445,1976
AW,445,61
KP,445,16
CZ,5000,12938
ES,5000,49311
CY,5000,944
MT,5000,721
SK,5000,2681
RO,5000,14132
EU,5000,3718
AE,5000,2569
IR,5000,5713
PR,5000,1289
TZ,5000,361
ME,5000,313
MN,5000,40
ZM,5000,24
CI,5000,50
AS,5000,5
BJ,5000,20
PE,5000,3937
FJ,5000,8
SL,5000,3
PH,5900,2784
MT,5900,225
PR,5900,316
PK,5900,1555
BA,5900,241
MX,5900,8553
RW,5900,11
MW,5900,38
SV,5900,195
NI,5900,91
RE,5900,113
YE,5900,166
VU,5900,9
GL,5900,4
BG,9100,733
TJ,9100,2663
NZ,9100,8073
MA,9100,9688
TZ,9100,307
MO,9100,1248
BS,9100,120
AE,9100,460
VN,9100,664
BD,9100,123
YE,9100,143
LY,9100,21
LC,9100,21
ML,9100,2
VU,9100,2
AW,9100,7
FK,9100,4
TW,993,29330
NL,993,154550
HU,993,12814
PT,993,10114
TJ,993,1713
NG,993,389
DZ,993,1514
VG,993,2348
AE,993,647
BA,993,377
KG,993,154
EC,993,1974
HN,993,233
AQ,3389,1
MM,5000,8
SZ,5900,2
ST,5900,3
MR,5900,3
MW,9100,5
GD,9100,4
YT,9100,1
BQ,993,4
FK,135,3
PM,25,4
CX,3389,2
TK,3389,1
TO,445,1
LR,5900,2
SO,993,5
GF,993,11
SH,135,1
WF,135,3
NU,53,1
SH,993,1
FO,111,11
SL,465,4
IO,53,5
SH,587,1
MH,8081,2
YT,8443,1
NF,135,1
US,8888,2650086
AU,8888,196903
GG,8888,44
NO,8888,6057
MT,8888,297
IR,8888,6275
EG,8888,849
MU,8888,334
MZ,8888,557
AR,8888,21425
A2,8888,2792
OM,8888,199
JM,8888,71
CW,8888,68
GD,995,5
CV,111,8
CN,1433,622378
ID,1433,3258
IT,1433,6876
SE,1433,2684
UA,1433,1650
IR,1433,8244
CY,1433,322
EE,1433,364
ZA,1433,21904
GL,1433,9
TM,1433,15
SO,1433,6
VE,1433,4456
PF,1433,1883
SC,1433,14
AP,1433,13
RW,1433,35
LC,1433,8
VU,3306,6
GF,465,5
BL,587,1
MP,587,14
SJ,8443,1
TD,990,1
GL,995,8
AU,389,190439
DE,389,29493
AT,389,3324
GI,389,1971
LB,389,402
SI,389,834
RO,389,1380
BG,389,954
JM,389,74
MO,389,927
LK,389,282
GY,389,9
SO,389,3
MS,389,2
TC,465,5
AQ,8080,1
MF,110,4
NF,1433,1
GW,389,3
CC,990,1
SH,990,1
TG,990,1
CX,143,1
WF,143,1
NF,8888,1
IN,80,111864
NL,80,370684
HK,80,31190
MD,80,15790
GP,80,2289
BZ,80,183
NG,80,3494
FK,80,510
BS,80,1431
BM,80,555
PA,80,25
EC,80,113
NE,9100,1
JP,111,224630
BG,111,14637
SA,111,8012
SI,111,1772
MO,111,1027
DO,111,70706
MW,111,32
JM,111,86
CW,111,113
SX,111,17
BB,111,43
GP,139,334
LB,139,20
TJ,139,2063
MU,139,489
UG,139,277
NP,139,525
SI,139,561
LI,139,51
%,139,564
AR,139,108197
BO,139,6534
HN,139,386
TG,139,25
VC,139,17
LS,139,12
SS,139,29
BW,139,69
TH,143,23263
BG,143,26233
GH,143,231
DZ,143,1534
NG,143,737
MQ,143,31
NI,143,270
CG,143,2695
GM,143,39
MN,143,354
BF,143,29
BM,143,36
NC,143,138
AF,143,14
LA,143,77
VU,143,23
CF,143,4
GF,143,14
ID,21,90376
PH,21,31453
PT,21,22080
FJ,21,1356
SN,21,1133
AZ,21,8851
QA,21,9716
MO,21,6581
BH,21,2002
MN,21,1439
LC,21,858
GU,21,12755
ML,21,179
BI,21,160
KP,21,49
TH,22,92689
NZ,22,31569
CH,22,72987
FI,22,70419
AM,22,6115
MT,22,1899
IM,22,852
AL,22,3913
MO,22,6843
AO,22,4211
VE,22,10962
JE,22,527
KP,22,116
AQ,22,9
GL,22,93
VN,23,195951
SE,23,66538
LT,23,7289
DK,23,20069
KE,23,8551
BG,23,23696
BF,23,346
LU,23,1197
AE,23,3616
LK,23,3199
MO,23,6974
MK,23,5869
MZ,23,1922
NA,23,1027
CM,23,2156
ZM,23,1635
GI,23,261
BH,23,4019
SS,23,90
SR,23,43
PW,23,21
GW,23,28
US,25,6362237
UA,25,84892
SI,25,8356
GE,25,1438
CR,25,16573
BZ,25,8117
UG,25,435
PS,25,564
RW,25,82
%,25,467
A1,25,251
BH,25,585
GM,25,33
ML,25,120
UY,25,1548
LC,25,41
CN,3306,1079022
MY,3306,12106
VN,3306,16878
BD,3306,2048
AT,3306,8769
BR,3306,61179
BH,3306,66
PS,3306,346
RE,3306,59
YT,3306,5
MP,3306,16
SO,3306,21
FJ,3389,202
PL,3389,59639
LU,3389,1837
RU,3389,116723
LT,3389,6066
%,3389,1570
AZ,3389,2236
BA,3389,1804
BJ,3389,50
A1,3389,421
CD,3389,122
ST,3389,11
VG,3389,667
KN,3389,51
LI,3389,192
RE,3389,893
LC,3389,114
PY,3389,1235
CF,3389,4
GL,3389,119
NP,443,4893
PG,443,1029
MV,443,1615
BW,443,2029
BO,443,21655
PM,443,181
LC,443,503
AR,443,139058
KE,443,6058
UG,443,1618
ES,443,371854
CY,443,10555
UZ,443,1603
A2,443,35
SC,443,3802
QA,443,16078
AX,443,295
SD,443,1768
CV,443,505
JP,465,299588
AU,465,241840
TW,465,33994
DE,465,348980
ES,465,71678
PS,465,262
GR,465,4098
FI,465,4126
TZ,465,593
PK,465,2290
BD,465,1200
GD,465,5
PR,465,346
AL,465,107
NI,465,355
PY,465,545
GG,465,19
TM,465,9
NZ,53,25737
RU,53,345062
BG,53,56676
NO,53,68787
FJ,53,166
PF,53,2014
PM,53,9
VC,53,30
GF,53,29
SG,587,23311
IN,587,33083
PL,587,280981
TR,587,77491
IL,587,7751
AT,587,11909
HR,587,2106
EU,587,5360
IS,587,888
LV,587,4403
IE,587,5738
LK,587,361
MA,587,1082
BD,587,930
SV,587,361
A1,587,185
MO,587,969
CU,587,304
WF,587,1
AG,587,27
LR,587,2
VC,587,4
NE,587,13
PL,8080,120134
ES,8080,229620
NL,8080,215479
BG,8080,86259
IE,8080,30041
GE,8080,2166
IR,8080,392959
AL,8080,2476
CI,8080,398
AW,8080,177
AR,8080,121060
MQ,8080,1543
MW,8080,98
SC,8080,837
SN,8080,327
VU,8080,303
LY,8080,124
KN,8080,128
SB,8080,27
MR,8080,24
ID,8081,7615
IN,8081,29561
SY,8081,192
LK,8081,5783
RE,8081,545
PF,8081,2071
IM,8081,301
SX,8081,56
HT,8081,86
GQ,8081,4
GF,8081,54
KR,8443,138143
IT,8443,30824
TR,8443,31008
KZ,8443,811
PG,8443,754
BD,8443,613
BY,8443,825
CD,8443,35
EC,8443,991
VE,8443,2772
UG,8443,185
AS,8443,3
AP,8443,58
BB,8443,38
MY,990,3495
ES,990,33059
AT,990,2686
ZA,990,22525
ZW,990,40
MZ,990,533
WS,990,284
LT,990,1152
NZ,990,7296
AR,990,7620
MG,990,30
VE,990,1934
CU,990,119
BN,990,63
DJ,990,2
KW,990,84
TT,990,16
UG,990,62
TH,995,16691
HK,995,102482
DK,995,8362
DE,995,351057
SI,995,3707
BG,995,23700
KW,995,261
JO,995,162
MQ,995,15
IM,995,337
GM,995,10
BB,995,43
BF,995,20
AU,110,252320
JP,110,897709
GB,110,250579
MK,110,591
MD,110,2314
BY,110,2428
KW,110,942
DZ,110,1554
LU,110,3313
AF,110,178
SD,110,83
NP,110,561
GD,110,18
NI,110,359
BO,110,658
AP,110,156
SL,110,23
MP,110,16
US,135,1679225
LU,135,1033
TR,135,46631
AT,135,6676
IR,135,16427
CY,135,854
ID,135,8342
NE,135,103
EU,135,968
BR,135,99265
PY,135,282
GI,135,174
GL,135,16
MW,135,34
BI,135,19
BF,135,25
JP,1723,297109
IN,1723,52033
DE,1723,194995
BY,1723,4127
UZ,1723,786
LV,1723,8059
SV,1723,968
PK,1723,3116
MZ,1723,1001
NC,1723,1475
WS,1723,431
GU,1723,249
VE,1723,7325
BR,1723,99258
SS,1723,42
TD,21,25
KM,21,16
NR,23,9
ST,23,19
AS,25,11
ID,445,7275
TH,445,15923
EG,445,7530
TM,445,39
AZ,445,1751
UZ,445,465
UG,445,221
GE,445,1899
RW,445,63
KG,445,538
BB,445,72
LS,445,16
NI,445,297
BO,445,7925
LI,5000,84
NO,5000,8630
IS,5000,267
LT,5000,1346
EG,5000,5633
BD,5000,446
FO,5000,17
BR,5000,93081
AG,5000,15
CM,5000,9
MX,5000,21470
JE,5000,39
TT,5000,438
UY,5000,1231
SA,5900,7860
RU,5900,21203
NO,5900,5342
BB,5900,39
GH,5900,170
LU,5900,1006
BH,5900,143
PY,5900,135
SM,5900,28
MV,5900,407
PA,5900,400
ZM,5900,33
GE,5900,69
BL,5900,1
TM,5900,3
TL,5900,3
TW,9100,24598
ES,9100,34593
GI,9100,1973
KZ,9100,223
MV,9100,255
PH,9100,1996
LU,9100,437
KW,9100,113
ZW,9100,51
BN,9100,68
FJ,9100,7
SR,9100,9
GL,9100,4
CA,993,134335
SG,993,24041
JP,993,419049
CH,993,21021
RU,993,95043
PL,993,279762
EU,993,5212
TZ,993,423
EG,993,710
IQ,993,98
YT,993,12
NE,993,19
NA,993,83
PF,993,1925
FM,993,2
HT,993,28
TC,993,6
AX,110,17
VC,110,7
TC,135,8
NU,25,3
KI,9100,1
DM,135,5
IO,1723,4
NU,445,1
VA,5000,1
TM,5000,1
AP,8081,19
PW,9100,1
YT,110,4
NU,22,2
SS,53,5
SB,993,8
PW,111,3
TO,111,5
BL,139,1
KN,3306,8
VC,3306,4
SN,465,39
DJ,465,4
FM,8443,1
TL,990,3
BT,995,22
GQ,995,5
SJ,22,1
KR,8888,223827
CN,8888,567611
DE,8888,72349
GE,8888,181
SI,8888,1224
ZW,8888,514
KZ,8888,2088
IE,8888,2578
ME,8888,87
LU,8888,629
MN,8888,97
CK,8888,11
LY,8888,30
MX,8888,4819
BB,8888,25
NE,8888,7
GA,8888,262
TG,8888,5
SX,8888,12
NI,8888,32
PW,995,4
CK,111,4
KR,1433,85723
VN,1433,8437
NO,1433,4000
CZ,1433,5457
FI,1433,794
IS,1433,122
DZ,1433,1412
BA,1433,497
AT,1433,2659
LT,1433,508
CO,1433,6464
MQ,1433,14
PR,1433,168
PA,1433,667
LA,1433,38
MP,1433,16
AG,1433,24
TV,21,1
ML,3306,29
VA,3306,3
GL,8081,4
GW,990,1
FO,1433,3
US,389,2990761
NZ,389,7780
PL,389,5352
A2,389,2819
TJ,389,2156
ZW,389,537
SC,389,76
KG,389,48
GH,389,226
UZ,389,90
DM,389,4
MN,389,88
AO,389,161
CM,389,36
LI,389,12
BD,389,292
FO,8888,5
GN,8888,4
GL,990,1
PN,389,1
BF,8888,1
TK,8888,1
KI,111,1
KM,990,1
KM,111,2
VU,389,3
ST,389,1
CC,5900,1
AI,143,2
SH,389,1
NF,587,1
YT,8888,1
NR,135,1
LI,80,753
PY,80,13
LB,80,51764
IM,80,1656
BD,80,1511
NC,80,179
CY,80,5319
BH,80,29921
--,80,58
PG,80,4
KG,80,671
YE,80,374
GI,80,523
HR,111,1048
IR,111,3555
RO,111,69581
ZA,111,26757
CM,111,82
TN,111,1052
JO,111,383
MR,111,14
YT,111,5
MM,111,29
MX,111,7975
VG,111,90
BZ,111,2062
UY,111,310
SN,111,54
GN,111,11
TC,111,20
PL,139,28550
IE,139,4742
CZ,139,14628
GT,139,1260
A1,139,59
IQ,139,630
SN,139,151
PE,139,4715
SO,139,28
NI,139,213
VI,139,30
TV,139,2
CH,143,61015
AT,143,15357
CR,143,16939
EC,143,2377
HN,143,929
CU,143,397
TO,143,34
TM,143,19
ZM,143,112
LR,143,8
KR,21,835644
JP,21,1005118
TW,21,184757
GB,21,398330
NO,21,127742
GR,21,19223
A2,21,3403
FO,21,120
KG,21,693
GP,21,400
OM,21,741
MS,21,82
CG,21,2973
%,21,289
BZ,21,2493
PY,21,1215
KI,21,7
AU,22,372971
ES,22,500211
GB,22,533194
A2,22,5032
HU,22,47413
KH,22,3150
A1,22,1860
VG,22,5480
TG,22,539
AI,22,136
MS,22,83
NR,22,43
ST,22,17
NZ,23,15982
CZ,23,66318
JO,23,7061
BS,23,1726
GT,23,25772
TZ,23,3092
LS,23,263
BJ,23,324
BZ,23,3288
VU,23,62
CA,25,323825
HK,25,138944
RO,25,123026
KZ,25,3671
GR,25,10813
MT,25,1136
BA,25,951
TN,25,535
CI,25,7030
KG,25,349
FJ,25,219
BJ,25,115
TT,25,347
AW,25,123
TW,3306,38585
NL,3306,134840
GI,3306,1979
NO,3306,9241
LV,3306,3948
NG,3306,1840
ZA,3306,34126
GH,3306,235
CR,3306,1167
KH,3306,6754
KE,3306,1395
MG,3306,67
CG,3306,1374
MT,3306,379
TC,3306,7
TT,3306,61
BB,3306,25
PW,3306,6
PM,3306,1
BQ,3306,8
BE,3389,277836
A2,3389,3068
UG,3389,430
BD,3389,3720
GA,3389,860
ZW,3389,412
CV,3389,198
BR,3389,179307
SV,3389,675
AF,3389,323
UY,3389,3179
TG,3389,32
PA,3389,2550
GU,3389,190
AS,3389,13
AI,3389,22
AU,443,605821
SG,443,264498
MP,443,321
BN,443,2760
SY,443,1056
LB,443,6429
MK,443,7853
BB,443,1344
HN,443,3734
AW,443,747
PY,443,3847
JM,443,5391
FK,443,634
NG,443,12507
CI,443,1524
HU,443,74998
JO,443,21601
RE,443,2085
MD,443,20667
YE,443,1158
AM,443,24826
GF,443,351
GI,443,3547
TN,443,10389
ER,443,134
NE,443,338
CF,443,142
KR,465,126371
RO,465,59187
TR,465,60303
IS,465,1323
NG,465,339
SC,465,316
KG,465,149
KH,465,173
VI,465,46
BZ,465,442
JE,465,17
MG,465,75
VE,465,3126
CW,465,102
TL,465,16
GL,465,69
FJ,465,45
HT,465,14
AU,53,263698
BE,53,264024
LV,53,12330
IE,53,24700
AE,53,8258
TT,53,6239
AO,53,1429
RE,53,156
KY,53,193
SO,53,162
HN,53,2642
ST,53,17
TM,53,32
CF,53,12
NR,53,6
JP,587,652485
AE,587,890
PT,587,9086
KW,587,382
KE,587,1241
SD,587,34
GN,587,14
BR,587,55694
GQ,587,5
PY,587,457
SM,587,62
GL,587,77
CW,587,96
CM,587,26
SZ,587,20
JP,8080,386939
HU,8080,31742
CZ,8080,73267
SE,8080,69873
TR,8080,61476
GI,8080,2051
PS,8080,1898
ID,8080,25770
KZ,8080,5421
AM,8080,2063
PR,8080,16626
EG,8080,9992
ME,8080,16894
GA,8080,843
AE,8080,41799
UZ,8080,486
MN,8080,844
IM,8080,702
BN,8080,316
FO,8080,74
AI,8080,74
LR,8080,20
BG,8081,6890
SE,8081,65815
SI,8081,1796
TN,8081,1114
MV,8081,464
NC,8081,358
PE,8081,4391
PM,8081,3
HN,8081,394
AG,8081,12
NE,8081,5
PN,8081,1
AT,8443,10412
NO,8443,7916
VA,8443,4
MG,8443,52
BR,8443,27141
CL,8443,4616
HN,8443,734
ZM,8443,75
SX,8443,25
GN,8443,9
MM,8443,26
BT,8443,30
BF,8443,12
BI,8443,9
GQ,8443,4
US,990,2236330
IT,990,7853
TZ,990,306
CD,990,3
PA,990,326
PS,990,57
NP,990,17
JM,990,17
AS,990,2
RW,990,4
SM,990,4
KR,995,124361
TR,995,63732
SE,995,18067
TZ,995,532
VG,995,2347
AM,995,301
PG,995,198
DO,995,70640
JM,995,63
BZ,995,517
LC,995,12
GU,995,35
GG,995,11
SM,995,59
VC,995,4
BG,110,26136
TJ,110,2707
AZ,110,1411
MZ,110,842
BD,110,1913
EC,110,2773
GT,110,596
BZ,110,560
CW,110,163
HT,110,34
BB,110,133
GF,110,15
PE,135,5143
UA,135,45545
SE,135,13409
CH,135,7467
MD,135,4130
ZM,135,204
WS,135,226
SI,135,571
GP,135,84
AE,135,442
RE,135,98
DJ,135,18
CW,135,137
SR,135,71
MP,135,20
AD,135,50
AW,135,40
CC,135,1
FM,143,2
MY,1723,10214
SI,1723,9705
SE,1723,44764
NO,1723,19432
FO,1723,208
MD,1723,3530
AE,1723,5415
BA,1723,2140
GT,1723,3621
MU,1723,704
SD,1723,195
MV,1723,2183
LA,1723,248
TT,1723,633
YE,1723,1312
JM,1723,717
MC,1723,394
CV,1723,346
MM,1723,211
CO,1723,16456
GF,1723,63
TK,1723,115
SO,25,14
KI,25,10
CA,445,68498
HK,445,129228
SA,445,5290
MD,445,5121
MA,445,1023
BJ,445,44
BM,445,92
IQ,445,584
GG,445,49
BS,445,40
MT,445,299
FJ,445,29
GM,445,49
ER,445,6
KR,5000,846030
BH,5000,269
TH,5000,17920
MO,5000,1639
KW,5000,1297
A1,5000,140
YT,5000,40
GP,5000,325
LC,5000,27
AW,5000,342
BQ,5000,10
BI,587,15
JP,5900,143369
HK,5900,91182
HR,5900,1055
TZ,5900,345
SN,5900,33
AG,5900,28
AO,5900,146
SS,5900,18
NC,5900,31
VE,5900,2927
SR,5900,33
CU,5900,118
KY,5900,24
WF,8080,7
TD,8443,6
ID,9100,2068
KE,9100,666
SL,9100,1
CY,9100,1771
MK,9100,301
SK,9100,917
OM,9100,149
EC,9100,400
VE,9100,2289
UZ,9100,39
RS,9100,202
JE,9100,15
AD,9100,8
KG,9100,8
CN,993,339123
MY,993,11019
FR,993,257229
LV,993,5518
LT,993,11841
GA,993,761
VU,993,11
BB,993,109
OM,993,448
UZ,993,310
PN,993,1
KW,993,262
JM,993,90
AS,993,24
AG,993,16
SB,110,14
AS,110,25
AW,110,18
MF,135,3
MS,445,4
BL,445,1
CC,5000,1
KP,5000,4
MS,53,4
GN,9100,1
TC,9100,1
VA,9100,1
CF,110,8
BQ,110,11
TO,21,17
PN,445,1
FK,5000,4
MF,8081,4
SH,8081,1
GM,9100,1
SH,9100,2
PN,9100,1
GQ,993,4
FM,3306,4
FM,465,2
GW,8443,2
JE,990,13
%,990,2
BJ,990,7
AX,995,17
TK,110,1
BT,445,1
NF,8080,1
NZ,8888,8201
IT,8888,15127
ET,8888,21
KH,8888,908
MO,8888,1139
MQ,8888,261
UG,8888,83
CM,8888,24
MC,8888,22
MV,8888,124
GU,8888,27
PY,8888,402
EC,8888,768
SD,8888,17
AS,8888,7
ER,995,5
GG,111,6
GW,111,1
IO,139,1
NU,139,1
PL,1433,142929
LB,1433,490
GA,1433,465
MV,1433,2065
A1,1433,93
SI,1433,1231
CL,1433,2388
MG,1433,37
MC,1433,8
CK,1433,2
KN,465,7
SB,8081,2
PM,990,1
TK,990,1
SH,111,1
KP,1433,2
ES,389,33508
DK,389,4593
SK,389,755
LU,389,535
AD,389,18
CY,389,157
SS,389,24
CL,389,1165
JO,389,367
VE,389,2596
CG,389,2580
JE,389,12
GN,389,6
BM,389,11
VG,389,14
NR,8081,1
LS,8888,3
ER,8888,3
GL,8888,3
TV,995,2
TK,1433,1
IO,1433,1
SX,389,1
GW,3306,1
MH,465,3
MS,135,2
KM,587,1
ES,80,765737
EE,80,16742
BG,80,119017
UZ,80,85761
JM,80,7439
AR,80,609
AO,80,89
AS,80,22
BY,80,9855
LR,80,5
MR,80,109
KH,80,222
